essn,fullname,dob,relation
100000007,Marie James,2004-03-15,Child
100000007,Bradley James,2008-02-18,Child
100000007,Bennett James,1982-11-05,Spouse
100000012,Eliana Barnes,1964-04-10,Spouse
100000012,Hailey Barnes,2003-07-23,Child
100000012,Caleb Barnes,1963-12-03,Spouse
100000020,Mason Williamson,2024-05-01,Child
100000020,Adrian Williamson,2019-08-20,Child
100000026,Rowan Green,2015-02-17,Child
100000026,Henry Green,2019-03-17,Child
100000027,Albert Reynolds,2020-06-06,Child
100000027,Micah Reynolds,2029-08-12,Child
100000028,Jace Valdez,1972-02-21,Spouse
100000028,Matthew Valdez,2010-03-23,Child
100000028,Hayden Valdez,2010-01-07,Child
100000030,Victor Anderson,1984-09-28,Spouse
100000030,Carter Anderson,2016-02-02,Child
100000031,Regina Wong,1992-06-06,Child
100000039,Oscar O'Brien,2022-07-24,Child
100000039,Megan O'Brien,2021-05-12,Child
100000039,Tucker O'Brien,2031-05-22,Child
100000051,Josephine Morales,2034-01-11,Child
100000051,Norma Morales,1995-04-02,Spouse
100000051,Bobby Morales,2032-09-08,Child
100000052,Quinn Ortiz,1981-02-21,Spouse
100000052,Mia Ortiz,1989-01-25,Spouse
100000054,Doris Black,2027-12-07,Child
100000054,Becky Black,2031-09-28,Child
100000054,Brandon Black,2035-09-27,Child
100000057,Audrey Oliver,2003-07-12,Child
100000057,Raymond Oliver,2005-02-03,Child
100000057,Brandy Oliver,1995-04-18,Child
100000059,Declan Davis,2018-10-20,Child
100000060,Xavier Espinoza,2013-05-05,Child
100000061,Denise Munoz,1995-11-02,Child
100000061,Dennis Munoz,1994-01-22,Child
100000072,Paul Jimenez,1970-04-09,Spouse
100000072,John Jimenez,1972-06-27,Spouse
100000072,Gage Jimenez,2006-06-24,Child
100000074,Madison Carpenter,1986-05-23,Spouse
100000075,Adam McCoy,2012-12-09,Child
100000075,Alicia McCoy,2015-07-20,Child
100000075,Vivian McCoy,2011-06-25,Child
100000076,Leo Washington,2023-11-15,Child
100000076,Larry Washington,2030-04-28,Child
100000080,Brooke Sullivan,2013-08-13,Child
100000080,David Sullivan,2022-07-24,Child
100000085,Emma Morgan,2013-07-28,Child
100000085,Samantha Morgan,2017-02-20,Child
100000086,Hazel Shaw,2027-02-18,Child
100000086,Dean Shaw,2019-01-26,Child
100000086,Valentina Shaw,2027-01-01,Child
100000090,Florence Gray,2018-10-11,Child
100000090,Everett Gray,2013-10-07,Child
100000090,Silas Gray,2023-12-10,Child
100000096,Joseph Knight,2038-10-21,Child
100000096,Gianna Knight,2034-07-22,Child
100000097,Benjamin Estrada,2018-03-21,Child
100000097,Lawrence Estrada,2027-05-20,Child
100000097,Hudson Estrada,2016-05-12,Child
100000098,Tristan Allen,1976-03-20,Spouse
100000098,Kinsley Allen,2000-10-06,Child
100000102,Cassandra Schmidt,2027-06-13,Child
100000102,Lillian Schmidt,2022-09-16,Child
100000105,Terry Gordon,2025-11-28,Child
100000108,Brody Hall,2031-12-15,Child
100000108,Meredith Hall,2027-07-27,Child
100000108,Rowan Hall,2025-11-14,Child
100000109,Jasper Rios,2032-09-21,Child
100000112,Justin Evans,2006-07-13,Child
100000116,April Graham,2013-12-07,Child
100000116,Catherine Graham,1983-06-18,Spouse
100000116,Caroline Graham,2014-11-19,Child
100000118,Kathryn Meyer,1996-10-08,Child
100000125,Summer Webb,1977-11-07,Spouse
100000134,Anita Carter,2029-02-11,Child
100000134,Kelly Carter,2019-05-02,Child
100000139,Carson Cole,2023-05-08,Child
100000139,Maxwell Cole,2022-07-03,Child
100000139,Jacqueline Cole,2017-02-12,Child
100000141,Autumn Martin,1997-01-09,Spouse
100000141,Kathleen Martin,2038-06-09,Child
100000141,Carol Martin,2037-11-11,Child
100000143,Ellie Morrison,2021-02-05,Child
100000148,Sara Harper,1992-05-05,Spouse
100000148,Ivy Harper,2024-08-10,Child
100000151,Lois Goodwin,1975-08-24,Spouse
100000151,Julia Goodwin,2009-05-18,Child
100000151,Andrew Goodwin,2013-08-23,Child
100000153,Jonah George,2012-08-03,Child
100000153,Isabella George,2011-04-14,Child
100000155,Gabriella Miller,2022-09-15,Child
100000156,Christopher Smith,2006-09-23,Child
100000156,Holly Smith,2008-03-11,Child
100000157,Thelma Delgado,1966-03-28,Spouse
100000160,Serenity Henderson,1989-04-04,Spouse
100000160,Max Henderson,2022-11-12,Child
100000162,Harold Chambers,2024-09-12,Child
100000162,Lori Chambers,2025-12-24,Child
100000162,Liam Chambers,1981-10-21,Spouse
100000165,Joan Owens,2010-01-19,Child
100000165,Arthur Owens,1972-01-04,Spouse
100000167,Tucker Rogers,2013-11-10,Child
100000167,Xavier Rogers,2016-08-02,Child
100000167,Roger Rogers,2016-06-26,Child
100000177,Jonathan Chen,1994-04-21,Spouse
100000177,Cole Chen,1990-06-27,Spouse
100000178,Raymond Martinez,2014-09-03,Child
100000178,Elizabeth Martinez,2011-06-11,Child
100000180,Stella Sanders,1984-10-04,Spouse
100000181,Lucille Payne,2000-08-09,Child
100000182,Ava Richards,1997-10-05,Child
100000185,Carrie Ruiz,2012-07-26,Child
100000185,Valerie Ruiz,1986-12-25,Spouse
100000192,Damian King,1966-04-01,Spouse
100000192,Tara King,1999-02-06,Child
100000193,Betty Larson,2021-02-17,Child
100000193,Maverick Larson,2023-02-26,Child
100000194,Makayla Woods,2017-02-04,Child
100000194,Alan Woods,2010-09-17,Child
100000196,Kimberly Ramos,2004-09-04,Child
100000196,Kennedy Ramos,1999-07-28,Child
100000197,Ezekiel Sutton,2009-08-28,Child
100000197,Kaden Sutton,2020-07-13,Child
100000200,Roman Fox,2014-02-23,Child
100000200,Katelyn Fox,2022-12-14,Child
100000200,Lincoln Fox,2018-07-04,Child
100000202,Jesse Fisher,2031-08-25,Child
100000202,Kyle Fisher,2028-05-13,Child
100000202,Aiden Fisher,2037-04-14,Child
100000204,Bennett Carr,2009-08-14,Child
100000206,Paige Mason,2014-11-05,Child
100000206,Samuel Mason,2008-03-06,Child
100000207,Jessica Kelley,1983-08-08,Spouse
100000208,Rita Russell,2010-11-17,Child
100000215,Everly Hawkins,2002-09-16,Child
100000215,Paula Hawkins,2006-11-04,Child
100000215,Riley Hawkins,1994-10-23,Child
100000218,Dean Kennedy,2027-04-28,Child
100000218,Maddox Kennedy,2015-07-26,Child
100000218,Bryson Kennedy,2015-03-09,Child
100000219,Calvin Freeman,2026-01-05,Child
100000219,Lydia Freeman,2028-08-19,Child
100000219,Destiny Freeman,2024-10-01,Child
100000222,Timothy Bell,1999-06-13,Child
100000222,Jean Bell,1998-02-23,Child
100000222,Gabriel Bell,2001-12-25,Child
100000225,Dana Hill,1990-06-04,Child
100000227,Paisley Jensen,1992-09-10,Child
100000241,Vanessa Pena,2005-08-16,Child
100000241,Blake Pena,1973-11-08,Spouse
100000241,Harper Pena,2008-04-02,Child
100000243,Eugene Montgomery,1994-03-24,Spouse
100000243,Emily Montgomery,2025-09-04,Child
100000243,Jordan Montgomery,2023-03-11,Child
100000244,Keith Adams,1966-05-26,Spouse
100000244,Wesley Adams,2001-11-07,Child
100000246,Kevin Arnold,2005-09-25,Child
100000246,Charles Arnold,2014-02-28,Child
100000251,Felix Thompson,1986-06-19,Spouse
100000251,Anthony Thompson,2026-09-27,Child
100000251,Brian Thompson,2025-03-05,Child
100000255,Micah Castro,1990-01-27,Spouse
100000258,Amy Bennett,2026-10-25,Child
100000265,Bryan Gonzales,1991-10-02,Child
100000265,Patrick Gonzales,1962-12-27,Spouse
100000265,Scarlett Gonzales,1967-10-27,Spouse
100000266,Walter Greene,2024-12-16,Child
100000266,Jose Greene,1993-08-15,Spouse
100000268,Kaiden Elliott,2009-02-05,Child
100000271,Landon West,2024-05-13,Child
100000271,Mariah West,2020-10-09,Child
100000272,Kylie Bradley,1983-12-24,Spouse
100000272,Lillian Bradley,2010-07-08,Child
100000272,Kingston Bradley,2023-03-27,Child
100000276,Janet Hughes,1976-12-12,Spouse
100000278,Spencer Kelly,2005-04-16,Child
100000278,Carter Kelly,2007-05-22,Child
100000278,Trinity Kelly,1976-03-15,Spouse
100000280,Leslie Cooper,2007-06-02,Child
100000280,Jace Cooper,1969-09-03,Spouse
100000288,Ezra Perez,1993-10-14,Child
100000288,Patricia Perez,1995-05-10,Child
100000296,Sebastian Reed,1978-07-24,Spouse
100000296,Joe Reed,2010-11-05,Child
100000296,Jamie Reed,2011-12-03,Child
100000298,Rachel Mills,2030-04-28,Child
100000298,Dennis Mills,2030-07-21,Child
100000298,William Mills,2032-08-13,Child
100000303,Chase Pierce,1960-11-07,Spouse
100000303,Ashton Pierce,1991-07-03,Child
100000303,Jack Pierce,1992-01-20,Child
100000304,Beverly Jimenez,2024-06-15,Child
100000304,Brandon Jimenez,2019-04-05,Child
100000304,Milo Jimenez,2016-11-18,Child
100000309,Gloria Chavez,2004-10-25,Child
100000310,Sharon Anderson,1963-09-12,Spouse
100000316,Theodore McCoy,2017-04-24,Child
100000320,Georgia Walker,1996-03-09,Child
100000325,Josiah Gardner,2031-11-24,Child
100000325,Henry Gardner,1998-08-24,Spouse
100000325,Jackson Gardner,2022-08-26,Child
100000326,Caleb Lee,2027-04-02,Child
100000326,Logan Lee,2025-01-13,Child
100000327,Savannah Reid,1978-08-24,Spouse
100000327,Gregory Reid,2014-09-22,Child
100000328,Hugo French,2000-02-11,Child
100000330,Brayden Contreras,1995-03-10,Spouse
100000330,Alexander Contreras,2024-09-15,Child
100000338,Dominic Cox,1966-05-20,Spouse
100000342,George Bailey,2006-06-04,Child
100000342,Noah Bailey,2006-12-27,Child
100000342,Shirley Bailey,2013-04-18,Child
100000344,Adrian Manning,2007-05-04,Child
100000344,Willie Manning,1980-03-09,Spouse
100000344,Matthew Manning,2018-09-04,Child
100000358,Weston Ramirez,2006-03-25,Child
100000358,Dylan Ramirez,2001-03-27,Child
100000363,Brooklyn Howard,1968-10-04,Spouse
100000364,Hunter Parsons,2022-05-25,Child
100000364,Katherine Parsons,2024-10-20,Child
100000364,Amber Parsons,2013-10-01,Child
100000365,Shannon Williams,1981-08-24,Spouse
100000365,Taylor Williams,2016-12-28,Child
100000365,Linda Williams,2023-07-01,Child
100000367,Alexis Wagner,2012-12-26,Child
100000376,Ryder Cruz,2032-03-24,Child
100000376,Violet Cruz,2035-05-02,Child
100000380,Maya Ramos,1987-01-16,Child
100000382,Alice Kim,2031-06-01,Child
100000382,Elena Kim,2023-04-13,Child
100000384,Luke Larson,1991-10-18,Spouse
100000389,Aurora Hamilton,2019-05-24,Child
100000389,Jerry Hamilton,2019-11-28,Child
100000389,Richard Hamilton,2011-10-10,Child
100000391,Gail Matthews,2000-04-20,Child
100000391,Colton Matthews,1977-06-05,Spouse
100000394,Robert Wells,2029-07-01,Child
100000397,Katie Austin,2017-08-16,Child
100000397,River Austin,2015-09-21,Child
100000401,Tammy Mitchell,2006-02-26,Child
100000401,Michael Mitchell,2000-09-08,Child
100000403,Vanessa Rose,1999-06-04,Child
100000403,James Rose,2000-06-28,Child
100000405,Louis Brown,1974-03-01,Spouse
100000405,Cindy Brown,2004-02-27,Child
100000406,Betty Crawford,1972-06-21,Spouse
100000408,Gage White,2013-07-03,Child
100000408,Autumn White,2021-01-08,Child
100000408,Ruby White,2021-01-05,Child
100000413,Levi Mendez,2030-07-16,Child
100000417,Sawyer Owens,1999-02-27,Child
100000420,Gerald Sandoval,2008-12-19,Child
100000420,Kathleen Sandoval,2002-02-17,Child
100000420,Caroline Sandoval,1975-05-21,Spouse
100000421,Courtney Hernandes,1989-02-06,Spouse
100000421,Roy Hernandes,1991-05-02,Spouse
100000421,Ellen Hernandes,2018-11-28,Child
100000426,Eli Peterson,1978-11-28,Spouse
100000426,Barbara Peterson,2004-10-14,Child
100000432,Leo Hall,1994-11-26,Child
100000434,Wayne Greene,2026-02-09,Child
100000436,Russell Thomas,1994-11-20,Child
100000436,Zachary Thomas,1993-09-01,Child
100000436,Ethan Thomas,1991-10-13,Child
100000441,Brianna Hayes,1973-09-27,Spouse
100000443,Alyssa Cole,1992-04-08,Child
100000443,Preston Cole,1959-07-13,Spouse
100000445,Lillian Castillo,2014-01-04,Child
100000445,Charlotte Castillo,2010-09-23,Child
100000450,Griffin Vazquez,1974-10-23,Spouse
100000451,Donald Parker,1996-09-12,Child
100000451,Ralph Parker,2000-11-07,Child
100000452,Judy Peters,1970-08-01,Spouse
100000452,Theresa Peters,1992-11-12,Child
100000454,Victor Cook,2001-06-03,Child
100000457,Violet Murray,1996-01-10,Spouse
100000457,John Murray,2023-01-17,Child
100000457,Bradley Murray,2034-11-06,Child
100000462,Joshua Carroll,1978-10-27,Spouse
100000462,Mackenzie Carroll,2002-06-14,Child
100000462,Mason Carroll,2003-12-04,Child
100000466,Ariana Johnston,1967-04-02,Spouse
100000468,Billy Silva,2000-08-12,Child
100000469,Lincoln Jones,1999-02-25,Spouse
100000469,Bella Jones,2023-02-01,Child
100000469,Aaron Jones,1994-12-10,Spouse
100000472,Ryker Simpson,1980-05-13,Spouse
100000473,Juanita Kelley,1999-03-05,Child
100000473,Mariah Kelley,1990-05-17,Child
100000475,Alexandra Montgomery,2004-04-07,Child
100000475,Jeffrey Montgomery,2016-02-18,Child
100000477,Gianna Evans,1968-05-28,Spouse
100000477,Jessica Evans,1970-04-02,Spouse
100000477,Rhonda Evans,1996-02-01,Child
100000479,Evan Holmes,2007-02-03,Child
100000481,Melissa McDonald,2034-02-19,Child
100000482,Rebecca Tucker,1988-09-21,Spouse
100000486,Theo Dominguez,2008-09-01,Child
100000486,Geraldine Dominguez,1976-01-10,Spouse
100000486,Skylar Dominguez,2017-02-16,Child
100000489,Douglas Willis,2007-07-14,Child
100000489,Katherine Willis,2017-02-14,Child
100000489,Tiffany Willis,2015-04-04,Child
100000494,Emmett Patterson,2028-10-10,Child
100000494,Nora Patterson,2023-05-03,Child
100000494,Kristin Patterson,1993-03-12,Spouse
100000496,Connor Ross,2030-12-10,Child
100000496,Lillian Ross,2001-12-10,Spouse
100000496,Carrie Ross,2029-01-26,Child
100000498,Grayson Collins,2023-10-27,Child
100000498,Harper Collins,2032-07-13,Child
100000498,Rosa Collins,2027-03-02,Child
100000500,Jayden Pena,1999-10-13,Child
100000507,Whitney Rivera,2034-11-12,Child
100000507,Steven Rivera,2031-04-21,Child
100000514,Eleanor Munoz,2031-02-22,Child
100000514,Zoe Munoz,1987-09-05,Spouse
100000515,Johnny Fisher,1984-07-07,Spouse
100000520,Edward Graham,1973-12-09,Spouse
100000520,Frances Graham,2011-08-26,Child
100000527,Edna Cooper,1999-02-11,Child
100000541,Florence Nichols,2017-01-16,Child
100000541,Donna Nichols,2014-04-13,Child
100000542,Randy Ward,1995-03-04,Child
100000542,Katelyn Ward,1996-01-03,Child
100000543,Lucas Carter,2032-01-19,Child
100000545,Declan Bennett,2010-06-19,Child
100000545,Diana Bennett,2004-05-23,Child
100000547,Alice Wong,1997-08-15,Child
100000550,Kenneth Wood,2006-02-19,Child
100000551,Austin Olson,2006-03-07,Child
100000551,Susan Olson,2010-02-23,Child
100000551,Philip Olson,2003-10-07,Child
100000552,Christian Daniels,2028-11-23,Child
100000552,Oliver Daniels,2024-11-02,Child
100000555,Evelyn Martin,2035-09-16,Child
100000555,Daniel Martin,2023-03-03,Child
100000557,Peggy Gomez,2027-01-13,Child
100000557,Ryan Gomez,2016-03-20,Child
100000557,Mark Gomez,1989-05-05,Spouse
100000562,Patricia Porter,1996-05-10,Child
100000577,Asher Hale,2026-02-03,Child
100000577,Paul Hale,2025-01-05,Child
100000581,Greyson Morgan,1987-09-25,Spouse
100000597,Everett Lee,2000-05-19,Child
100000597,Cooper Lee,1995-04-18,Child
100000609,Jeremy Carlson,2028-03-01,Child
100000609,Jaxon Carlson,2026-02-18,Child
100000611,Nicole Bishop,2014-11-02,Child
100000611,Amanda Bishop,2001-11-19,Child
100000611,Debra Bishop,2004-05-13,Child
100000612,Naomi Jensen,1989-08-15,Spouse
100000612,Easton Jensen,2012-10-11,Child
100000620,Allison Gilbert,2015-12-10,Child
100000620,Vincent Gilbert,1992-11-26,Spouse
100000620,Natalia Gilbert,2018-03-05,Child
100000621,Kennedy Richardson,1987-10-03,Child
100000621,Amber Richardson,1989-05-07,Child
100000621,Irene Richardson,1992-07-01,Child
