did,ssn,poid,username,title
1,100000000,1,peggy.mendez1,"MD, PhD"
2,100000001,2,stacy.riley2,"MD, PhD"
3,100000002,3,carol.flores3,"MD, FACP"
4,100000003,4,ralph.ramirez4,"MD, FACP"
5,100000004,5,ronald.carroll5,DO
6,100000005,6,evelyn.weaver6,MD
7,100000006,7,bradley.johnston7,MBBS
8,100000007,8,kennedy.james8,DO
9,100000008,9,bennett.hunt9,MBBS
10,100000009,10,kingston.simmons10,DO
11,100000010,11,abigail.walker11,DO
12,100000011,12,cassie.figueroa12,MD
13,100000012,13,sandra.barnes13,"MD, FACP"
14,100000013,14,mark.manning14,"MD, PhD"
15,100000014,15,caleb.diaz15,"MD, PhD"
16,100000015,16,megan.ray16,"MD, FACS"
17,100000016,17,laura.scott17,DO
18,100000017,18,destiny.richardson18,"MD, FACS"
19,100000018,19,juanita.wheeler19,MBBS
20,100000019,20,regina.long20,"MD, FACP"
21,100000020,21,cassandra.williamson21,MD
22,100000021,22,carter.powell22,MD
23,100000022,23,douglas.soto23,DO
24,100000023,24,frank.parker24,MBBS
25,100000024,25,jasper.carlson25,DO
26,100000025,26,emmett.tran26,"MD, FACP"
27,100000026,27,marcus.green27,MD
28,100000027,28,diane.reynolds28,"MD, FACS"
29,100000028,29,hugo.valdez29,MD
30,100000029,30,jasmine.murphy30,MBBS
31,100000030,31,lisa.anderson31,MD
32,100000031,32,lauren.wong32,"MD, PhD"
33,100000032,33,emma.vargas33,"MD, FACP"
34,100000033,34,sharon.murray34,MBBS
35,100000034,35,cynthia.duncan35,"MD, PhD"
36,100000035,36,alan.li36,"MD, PhD"
37,100000036,37,wanda.garcia37,DO
38,100000037,38,grayson.olson38,MBBS
39,100000038,39,claire.wagner39,"MD, PhD"
40,100000039,40,sheryl.o'brien40,MD
41,100000040,41,mateo.gomez41,MBBS
42,100000041,42,walter.pierce42,"MD, FACS"
43,100000042,43,valentina.herrera43,MD
44,100000043,44,declan.peters44,"MD, FACS"
45,100000044,45,aiden.nelson45,MD
46,100000045,46,linda.johnson46,"MD, PhD"
47,100000046,47,kelly.alexander47,"MD, FACP"
48,100000047,48,bonnie.willis48,"MD, FACP"
49,100000048,49,edward.ortega49,MD
50,100000049,50,sebastian.brown50,"MD, FACP"
51,100000050,51,andrea.butler51,MD
52,100000051,52,owen.morales52,"MD, FACP"
53,100000052,53,emily.ortiz53,"MD, FACS"
54,100000053,54,ella.wallace54,"MD, FACS"
55,100000054,55,joyce.black55,"MD, FACP"
56,100000055,56,nora.grant56,DO
57,100000056,57,josiah.hoffman57,"MD, PhD"
58,100000057,58,jonathan.oliver58,DO
59,100000058,59,jordan.ross59,"MD, FACS"
60,100000059,60,anna.davis60,"MD, FACS"
61,100000060,61,lydia.espinoza61,MBBS
62,100000061,62,miles.munoz62,DO
63,100000062,63,leilani.patel63,MD
64,100000063,64,tyler.burns64,"MD, FACP"
65,100000064,65,deborah.alvarado65,"MD, FACP"
66,100000065,66,larry.romero66,"MD, FACS"
67,100000066,67,gabriel.watson67,DO
68,100000067,68,vivian.dean68,MD
69,100000068,69,hudson.rose69,"MD, PhD"
70,100000069,70,makayla.dunn70,MD
71,100000070,71,cole.gonzalez71,MBBS
72,100000071,72,jack.contreras72,"MD, PhD"
73,100000072,73,hazel.jimenez73,DO
74,100000073,74,max.hart74,"MD, PhD"
75,100000074,75,helen.carpenter75,MBBS
76,100000075,76,carrie.mccoy76,"MD, FACS"
77,100000076,77,laurie.washington77,"MD, FACP"
78,100000077,78,erica.nunez78,MBBS
79,100000078,79,courtney.hunter79,"MD, FACP"
80,100000079,80,molly.armstrong80,"MD, FACS"
81,100000080,81,ruby.sullivan81,"MD, FACP"
82,100000081,82,bentley.hansen82,"MD, PhD"
83,100000082,83,kaden.jacobs83,MBBS
84,100000083,84,gerald.hernandez84,MD
85,100000084,85,reagan.lewis85,"MD, FACS"
86,100000085,86,rita.morgan86,"MD, PhD"
87,100000086,87,wyatt.shaw87,MD
88,100000087,88,doreen.wilson88,DO
89,100000088,89,ava.wright89,"MD, PhD"
90,100000089,90,justin.harrison90,DO
91,100000090,91,mary.gray91,DO
92,100000091,92,ruby.snyder92,MD
93,100000092,93,timothy.austin93,"MD, PhD"
94,100000093,94,josephine.matthews94,MBBS
95,100000094,95,arianna.jackson95,MBBS
96,100000095,96,donna.santiago96,MBBS
97,100000096,97,ethan.knight97,MD
98,100000097,98,vanessa.estrada98,MBBS
99,100000098,99,rowan.allen99,MBBS
100,100000099,100,christopher.nichols100,"MD, FACP"
101,100000645,22,dr_walter_phillips_100000645,DO
102,100000646,149,dr_roger_martinez_100000646,"MD, PhD"
103,100000647,105,dr_jordan_ward_100000647,"DO, FACEP"
104,100000648,174,dr_larry_martin_100000648,"DO, FACEP"
105,100000649,171,dr_thomas_wood_100000649,"MD, FACP"
106,100000650,186,dr_russell_cruz_100000650,"MD, FACS"
107,100000651,134,dr_walter_thomas_100000651,"MD, FACP"
108,100000652,60,dr_ethan_ortiz_100000652,MD
109,100000653,71,dr_zachary_parker_100000653,MD
110,100000654,182,dr_timothy_ortiz_100000654,"MD, FACP"
111,100000655,134,dr_william_young_100000655,"MD, PhD"
112,100000656,114,dr_joe_wilson_100000656,"MD, FACC"
113,100000657,97,dr_noah_anderson_100000657,"DO, FACEP"
114,100000658,186,dr_harold_castillo_100000658,"MD, PhD"
115,100000659,111,dr_alexander_chavez_100000659,"MD, PhD"
116,100000660,46,dr_jerry_martin_100000660,"MD, PhD"
117,100000661,79,dr_zachary_cook_100000661,"MD, FACS"
118,100000662,11,dr_harold_cooper_100000662,"MD, FACC"
119,100000663,169,dr_justin_robinson_100000663,"MD, FACP"
120,100000664,48,dr_david_lee_100000664,"MD, FACC"
121,100000665,104,dr_paul_ramos_100000665,"MD, FACC"
122,100000666,115,dr_russell_gomez_100000666,"MD, FACS"
123,100000667,80,dr_philip_smith_100000667,MD
124,100000668,28,dr_adam_brown_100000668,"MD, FACP"
125,100000669,175,dr_stephen_flores_100000669,"MD, FACC"
126,100000670,94,dr_douglas_reed_100000670,MBBS
127,100000671,64,dr_brian_thompson_100000671,MD
128,100000672,158,dr_christian_young_100000672,MBBS
129,100000673,1,dr_russell_hill_100000673,MBBS
130,100000674,157,dr_stephen_rogers_100000674,"MD, PhD"
131,100000675,184,dr_ralph_nelson_100000675,MD
132,100000676,86,dr_sean_patel_100000676,MBBS
133,100000677,135,dr_randy_campbell_100000677,"MD, FACC"
134,100000678,43,dr_zachary_clark_100000678,DO
135,100000679,5,dr_elijah_alvarez_100000679,"MD, FACS"
136,100000680,116,dr_steven_martin_100000680,"MD, PhD"
137,100000681,68,dr_matthew_richardson_100000681,"MD, FACS"
138,100000682,44,dr_randy_parker_100000682,"MD, FACC"
139,100000683,16,dr_carl_white_100000683,"MD, FACS"
140,100000684,25,dr_ryan_sanchez_100000684,MD
141,100000685,43,dr_jonathan_allen_100000685,"MD, FACS"
142,100000686,29,dr_brian_ortiz_100000686,MD
143,100000687,119,dr_david_jackson_100000687,MD
144,100000688,180,dr_raymond_jackson_100000688,"MD, FACC"
145,100000689,46,dr_peter_kim_100000689,"MD, FACS"
146,100000690,159,dr_kevin_robinson_100000690,"MD, FACC"
147,100000691,100,dr_mark_jones_100000691,"MD, FACS"
148,100000692,11,dr_gregory_flores_100000692,MD
149,100000693,8,dr_juan_cox_100000693,"MD, FACP"
150,100000694,56,dr_gregory_mendoza_100000694,"MD, FACC"
151,100000695,130,dr_adam_sanchez_100000695,DO
152,100000696,156,dr_tyler_morales_100000696,MD
153,100000697,172,dr_noah_wood_100000697,"MD, FACC"
154,100000698,104,dr_harold_long_100000698,MBBS
155,100000699,84,dr_frank_jackson_100000699,"MD, FACC"
156,100000700,123,dr_noah_carter_100000700,"MD, FACC"
157,100000701,110,dr_peter_cook_100000701,MBBS
158,100000702,12,dr_nicholas_roberts_100000702,"MD, FACC"
159,100000703,67,dr_andrew_flores_100000703,MD
160,100000704,68,dr_bobby_bennett_100000704,"MD, FACC"
161,100000705,16,dr_roger_miller_100000705,"MD, FACS"
162,100000706,60,dr_douglas_brooks_100000706,MD
163,100000707,122,dr_ralph_evans_100000707,MD
164,100000708,110,dr_patrick_wright_100000708,MD
165,100000709,75,dr_kevin_sanders_100000709,DO
166,100000710,7,dr_arthur_brooks_100000710,"DO, FACEP"
167,100000711,122,dr_timothy_nelson_100000711,"MD, FACP"
168,100000712,187,dr_walter_rivera_100000712,"DO, FACEP"
169,100000713,52,dr_christopher_ortiz_100000713,"MD, FACS"
170,100000714,6,dr_philip_brown_100000714,"MD, FACS"
171,100000715,63,dr_kyle_jones_100000715,"MD, FACS"
172,100000716,186,dr_eugene_rivera_100000716,"MD, FACP"
173,100000717,76,dr_nicholas_kelly_100000717,MD
174,100000718,1,dr_louis_nguyen_100000718,"MD, FACP"
175,100000719,2,dr_wayne_bailey_100000719,"MD, FACS"
176,100000720,27,dr_larry_walker_100000720,"MD, PhD"
177,100000721,166,dr_juan_morales_100000721,"MD, FACC"
178,100000722,150,dr_daniel_miller_100000722,MD
179,100000723,191,dr_alexander_taylor_100000723,DO
180,100000724,6,dr_kenneth_diaz_100000724,"MD, PhD"
181,100000725,64,dr_aaron_wilson_100000725,"DO, FACEP"
182,100000726,56,dr_andrew_mitchell_100000726,"MD, FACP"
183,100000727,130,dr_mark_evans_100000727,"MD, PhD"
184,100000728,76,dr_benjamin_gomez_100000728,DO
185,100000729,7,dr_arthur_smith_100000729,MD
186,100000730,168,dr_jeffrey_nguyen_100000730,"DO, FACEP"
187,100000731,15,dr_mark_brooks_100000731,MD
188,100000732,190,dr_sean_cooper_100000732,"MD, FACP"
189,100000733,180,dr_randy_hughes_100000733,"DO, FACEP"
190,100000734,40,dr_christian_thompson_100000734,"MD, FACC"
191,100000735,111,dr_keith_turner_100000735,"DO, FACEP"
192,100000736,32,dr_brian_reyes_100000736,"MD, PhD"
193,100000737,191,dr_adam_phillips_100000737,"MD, FACC"
194,100000738,52,dr_joe_price_100000738,"DO, FACEP"
195,100000739,77,dr_philip_davis_100000739,"MD, FACS"
196,100000740,151,dr_joe_turner_100000740,"MD, FACC"
197,100000741,115,dr_aaron_lopez_100000741,"DO, FACEP"
198,100000742,164,dr_gregory_price_100000742,"MD, PhD"
199,100000743,133,dr_vincent_brown_100000743,MBBS
200,100000744,22,dr_steven_phillips_100000744,MBBS
201,100000745,13,dr_richard_price_100000745,DO
202,100000746,45,dr_eugene_allen_100000746,"MD, PhD"
203,100000747,110,dr_bryan_rodriguez_100000747,"MD, FACP"
204,100000748,91,dr_jesse_murphy_100000748,MBBS
205,100000749,110,dr_daniel_martinez_100000749,MBBS
206,100000750,92,dr_kenneth_ward_100000750,"DO, FACEP"
207,100000751,90,dr_ryan_turner_100000751,"DO, FACEP"
208,100000752,191,dr_nicholas_anderson_100000752,MBBS
209,100000753,63,dr_willie_walker_100000753,"MD, FACS"
210,100000754,101,dr_logan_kelly_100000754,"MD, FACS"
211,100000755,21,dr_justin_king_100000755,MD
212,100000756,125,dr_ethan_ramos_100000756,MBBS
213,100000757,67,dr_steven_reed_100000757,MBBS
214,100000758,148,dr_randy_robinson_100000758,"MD, FACS"
215,100000759,39,dr_eugene_james_100000759,DO
216,100000760,165,dr_nathan_stewart_100000760,"DO, FACEP"
217,100000761,162,dr_keith_parker_100000761,MBBS
218,100000762,122,dr_albert_davis_100000762,"MD, FACP"
219,100000763,44,dr_john_alvarez_100000763,MD
220,100000764,98,dr_daniel_chavez_100000764,DO
221,100000765,71,dr_logan_martinez_100000765,"DO, FACEP"
222,100000766,144,dr_mason_ramos_100000766,DO
223,100000767,3,dr_nicholas_lopez_100000767,DO
224,100000768,182,dr_russell_morales_100000768,MBBS
225,100000769,55,dr_keith_green_100000769,DO
226,100000770,55,dr_jose_chavez_100000770,MD
227,100000771,91,dr_keith_robinson_100000771,DO
228,100000772,1,dr_scott_cook_100000772,"MD, FACC"
229,100000773,36,dr_joshua_young_100000773,"MD, FACC"
230,100000774,184,dr_douglas_taylor_100000774,"MD, FACS"
231,100000775,110,dr_nathan_diaz_100000775,"MD, PhD"
232,100000776,65,dr_brandon_miller_100000776,"MD, FACC"
233,100000777,79,dr_sean_castillo_100000777,"DO, FACEP"
234,100000778,116,dr_ralph_ortiz_100000778,"MD, FACP"
235,100000779,142,dr_kyle_martin_100000779,"MD, PhD"
236,100000780,99,dr_daniel_walker_100000780,"MD, FACS"
237,100000781,180,dr_dylan_jackson_100000781,MBBS
238,100000782,160,dr_kevin_allen_100000782,"MD, FACS"
239,100000783,170,dr_eric_gutierrez_100000783,"MD, FACS"
240,100000784,11,dr_gabriel_flores_100000784,"MD, PhD"
241,100000785,90,dr_justin_mitchell_100000785,MD
242,100000786,38,dr_john_gray_100000786,MBBS
243,100000787,102,dr_john_campbell_100000787,"MD, PhD"
244,100000788,63,dr_douglas_nelson_100000788,"DO, FACEP"
245,100000789,84,dr_bobby_morris_100000789,"MD, FACC"
246,100000790,78,dr_vincent_wright_100000790,"MD, PhD"
247,100000791,93,dr_jacob_bennett_100000791,"MD, FACS"
248,100000792,62,dr_gabriel_ramos_100000792,"MD, PhD"
249,100000793,17,dr_vincent_ramos_100000793,"MD, FACC"
250,100000794,17,dr_alexander_white_100000794,DO
