ssn,fullname,gender,role,baseSalary,hireDate,dob,bid
100000000,Peggy Mendez,F,Doctor,187326.0,2012-04-03,1984-06-26,19
100000001,Stacy Riley,F,Doctor,187108.0,2022-09-25,1991-11-25,3
100000002,Carol Flores,F,Doctor,193788.0,2013-01-24,1982-09-01,18
100000003,Ralph Ramirez,M,Doctor,211434.0,1992-01-22,1966-05-04,6
100000004,Ronald Carroll,M,Doctor,195306.0,2034-05-23,1995-07-04,18
100000005,Evelyn Weaver,F,Doctor,148427.0,2009-05-25,1982-11-08,20
100000006,Bradley Johnston,M,Doctor,156694.0,2028-12-06,1995-12-21,3
100000007,Kennedy James,F,Doctor,183638.0,2007-11-01,1979-07-18,6
100000008,Bennett Hunt,M,Doctor,201346.0,2015-03-15,1982-02-10,20
100000009,Kingston Simmons,M,Doctor,147140.0,2016-08-11,1975-11-07,10
100000010,Abigail Walker,F,Doctor,177984.0,2001-07-22,1961-06-27,1
100000011,Cassie Figueroa,F,Doctor,179896.0,2024-12-14,1991-07-24,12
100000012,Sandra Barnes,F,Doctor,149509.0,1991-05-06,1965-06-12,4
100000013,Mark Manning,M,Doctor,197388.0,2001-07-25,1966-04-02,1
100000014,Caleb Diaz,M,Doctor,208297.0,2014-07-08,1973-08-01,15
100000015,Megan Ray,F,Doctor,188416.0,2024-07-18,1997-06-28,19
100000016,Laura Scott,F,Doctor,155700.0,2015-03-28,1974-07-09,15
100000017,Destiny Richardson,F,Doctor,156368.0,2004-07-25,1971-02-25,12
100000018,Juanita Wheeler,F,Doctor,184516.0,2029-06-24,1988-02-10,13
100000019,Regina Long,F,Doctor,190022.0,2013-11-08,1988-02-26,13
100000020,Cassandra Williamson,F,Doctor,168537.0,2014-07-14,1992-02-18,20
100000021,Carter Powell,M,Doctor,208546.0,2018-03-20,1984-12-03,4
100000022,Douglas Soto,M,Doctor,173390.0,2001-04-03,1965-01-06,15
100000023,Frank Parker,M,Doctor,179516.0,2018-08-27,1995-10-28,14
100000024,Jasper Carlson,M,Doctor,171151.0,2034-10-15,1993-01-10,8
100000025,Emmett Tran,M,Doctor,158570.0,2019-09-25,1997-03-15,5
100000026,Marcus Green,M,Doctor,184543.0,2020-08-25,1988-04-28,9
100000027,Diane Reynolds,F,Doctor,189103.0,2022-01-28,1990-02-17,16
100000028,Hugo Valdez,M,Doctor,155821.0,2004-12-06,1971-06-16,15
100000029,Jasmine Murphy,F,Doctor,190816.0,1987-07-26,1962-03-03,18
100000030,Lisa Anderson,F,Doctor,204942.0,2022-08-11,1989-05-08,1
100000031,Lauren Wong,F,Doctor,183330.0,1986-02-15,1962-11-08,4
100000032,Emma Vargas,F,Doctor,175270.0,2000-10-09,1966-11-28,1
100000033,Sharon Murray,F,Doctor,171649.0,2001-01-16,1968-10-25,8
100000034,Cynthia Duncan,F,Doctor,180525.0,2008-04-02,1985-10-22,8
100000035,Alan Li,M,Doctor,195473.0,2012-01-07,1980-01-21,15
100000036,Wanda Garcia,F,Doctor,203591.0,1987-12-02,1960-12-15,6
100000037,Grayson Olson,M,Doctor,172841.0,2017-07-03,1988-11-27,4
100000038,Claire Wagner,F,Doctor,167369.0,2027-10-02,1997-01-10,11
100000039,Sheryl O'Brien,F,Doctor,153647.0,2028-04-23,1992-02-02,15
100000040,Mateo Gomez,M,Doctor,196767.0,1998-12-25,1963-09-23,20
100000041,Walter Pierce,M,Doctor,195510.0,2004-06-05,1979-08-01,20
100000042,Valentina Herrera,F,Doctor,164274.0,2012-02-27,1987-08-24,16
100000043,Declan Peters,M,Doctor,213497.0,2026-01-27,1998-02-28,4
100000044,Aiden Nelson,M,Doctor,165969.0,2030-07-28,1990-03-08,15
100000045,Linda Johnson,F,Doctor,188645.0,2009-04-08,1984-04-01,10
100000046,Kelly Alexander,F,Doctor,171900.0,2020-05-23,1992-02-04,9
100000047,Bonnie Willis,F,Doctor,166264.0,2021-09-19,1991-01-02,12
100000048,Edward Ortega,M,Doctor,152805.0,2001-09-23,1962-10-04,11
100000049,Sebastian Brown,M,Doctor,175011.0,1999-05-22,1964-06-15,1
100000050,Andrea Butler,F,Doctor,209708.0,1998-11-11,1974-12-17,1
100000051,Owen Morales,M,Doctor,159351.0,2033-12-01,1997-03-09,3
100000052,Emily Ortiz,F,Doctor,181533.0,2022-09-20,1985-02-16,2
100000053,Ella Wallace,F,Doctor,159047.0,2032-09-01,1995-09-06,6
100000054,Joyce Black,F,Doctor,207495.0,2035-08-14,1999-06-09,4
100000055,Nora Grant,F,Doctor,161733.0,1993-12-04,1963-02-26,7
100000056,Josiah Hoffman,M,Doctor,160415.0,2010-07-14,1979-03-18,3
100000057,Jonathan Oliver,M,Doctor,189207.0,1998-11-10,1967-08-04,5
100000058,Jordan Ross,M,Doctor,205420.0,1985-04-02,1960-03-27,16
100000059,Anna Davis,F,Doctor,145478.0,2027-06-15,1986-12-17,3
100000060,Lydia Espinoza,F,Doctor,151941.0,2018-06-23,1987-05-25,14
100000061,Miles Munoz,M,Doctor,212048.0,2000-12-08,1960-09-09,9
100000062,Leilani Patel,F,Doctor,195561.0,2009-03-16,1972-05-08,11
100000063,Tyler Burns,M,Doctor,184949.0,2012-01-23,1974-03-23,20
100000064,Deborah Alvarado,F,Doctor,201392.0,2029-06-16,1995-07-25,1
100000065,Larry Romero,M,Doctor,175186.0,2015-08-15,1977-02-22,4
100000066,Gabriel Watson,M,Doctor,184437.0,2016-04-25,1991-06-25,11
100000067,Vivian Dean,F,Doctor,173962.0,2010-09-26,1985-10-28,16
100000068,Hudson Rose,M,Doctor,179964.0,1997-11-06,1972-08-12,3
100000069,Makayla Dunn,F,Doctor,181201.0,2006-08-26,1974-02-18,16
100000070,Cole Gonzalez,M,Doctor,205489.0,2023-12-28,1996-11-27,10
100000071,Jack Contreras,M,Doctor,213859.0,2014-12-03,1975-03-20,3
100000072,Hazel Jimenez,F,Doctor,152042.0,2012-05-21,1972-01-05,20
100000073,Max Hart,M,Doctor,193982.0,2030-11-01,1994-03-18,6
100000074,Helen Carpenter,F,Doctor,189285.0,2021-01-21,1987-10-26,13
100000075,Carrie McCoy,F,Doctor,204863.0,2024-09-07,1986-01-10,1
100000076,Laurie Washington,F,Doctor,191083.0,2026-10-13,1994-06-19,7
100000077,Erica Nunez,F,Doctor,153456.0,2000-03-19,1962-06-24,2
100000078,Courtney Hunter,F,Doctor,171450.0,2003-08-25,1962-12-14,13
100000079,Molly Armstrong,F,Doctor,192066.0,2016-12-04,1981-03-21,16
100000080,Ruby Sullivan,F,Doctor,206383.0,2007-02-01,1983-09-25,19
100000081,Bentley Hansen,M,Doctor,208904.0,2025-06-03,1988-03-23,8
100000082,Kaden Jacobs,M,Doctor,161159.0,2005-03-19,1975-10-01,17
100000083,Gerald Hernandez,M,Doctor,169618.0,1999-12-09,1971-10-13,9
100000084,Reagan Lewis,F,Doctor,203193.0,1983-08-07,1960-12-14,15
100000085,Rita Morgan,F,Doctor,215995.0,2022-07-06,1982-11-28,1
100000086,Wyatt Shaw,M,Doctor,182213.0,2031-09-27,1993-03-07,20
100000087,Doreen Wilson,F,Doctor,187669.0,2016-10-23,1984-06-22,5
100000088,Ava Wright,F,Doctor,150547.0,1999-09-04,1961-03-28,15
100000089,Justin Harrison,M,Doctor,174592.0,1999-02-10,1966-01-14,17
100000090,Mary Gray,F,Doctor,159928.0,2011-06-13,1986-12-08,19
100000091,Ruby Snyder,F,Doctor,168663.0,2025-11-19,1992-11-21,15
100000092,Timothy Austin,M,Doctor,156511.0,2008-11-11,1979-01-15,12
100000093,Josephine Matthews,F,Doctor,208949.0,1996-04-05,1964-10-04,6
100000094,Arianna Jackson,F,Doctor,174608.0,2020-06-03,1998-05-12,6
100000095,Donna Santiago,F,Doctor,170632.0,2028-05-21,1999-04-17,9
100000096,Ethan Knight,M,Doctor,171576.0,2023-08-08,1999-05-19,13
100000097,Vanessa Estrada,F,Doctor,200452.0,2021-10-19,1991-04-05,12
100000098,Rowan Allen,M,Doctor,165943.0,1995-12-06,1973-10-22,10
100000099,Christopher Nichols,M,Doctor,157722.0,2011-12-14,1974-12-09,6
100000100,Amanda Singh,F,Nurse,70717.0,2019-05-24,1994-10-17,4
100000101,Georgia Henry,F,Nurse,64375.0,1986-10-13,1961-09-05,4
100000102,Taylor Schmidt,F,Nurse,55417.0,2013-11-08,1989-04-10,8
100000103,Jerry Boyd,M,Nurse,64550.0,2009-04-03,1977-08-18,2
100000104,Alice Vega,F,Nurse,55988.0,1995-05-18,1965-07-08,6
100000105,Gabriella Gordon,F,Nurse,55074.0,2031-11-27,1990-04-04,5
100000106,Albert Gutierrez,M,Nurse,63514.0,2030-05-14,1995-10-02,11
100000107,Calvin Maldonado,M,Nurse,69605.0,2004-04-11,1976-02-25,3
100000108,Whitney Hall,F,Nurse,74373.0,2021-07-27,1994-10-25,11
100000109,Carl Rios,M,Nurse,65806.0,2025-05-06,1998-06-11,20
100000110,George Moreno,M,Nurse,64556.0,2015-04-01,1974-03-10,16
100000111,Bryson Warren,M,Nurse,62899.0,2018-09-11,1987-07-10,6
100000112,Christina Evans,F,Nurse,57541.0,2011-11-24,1979-06-11,15
100000113,Liam Hernandes,M,Nurse,74938.0,2004-11-11,1976-07-11,4
100000114,Kaiden Simpson,M,Nurse,72866.0,2040-11-26,1999-05-18,1
100000115,Tristan Robertson,M,Nurse,68354.0,2009-12-16,1986-09-25,14
100000116,Lucille Graham,F,Nurse,53359.0,2009-11-03,1981-06-17,3
100000117,Brooklyn Le,F,Nurse,55795.0,2007-07-20,1971-08-14,13
100000118,Philip Meyer,M,Nurse,56914.0,2008-05-11,1971-12-10,19
100000119,Aurora Turner,F,Nurse,70842.0,2023-04-28,1992-02-19,16
100000120,Colton Gibson,M,Nurse,55688.0,1999-06-25,1975-11-21,20
100000121,Trinity Stewart,F,Nurse,74905.0,1991-08-19,1960-06-26,2
100000122,Tina Stevens,F,Nurse,52861.0,1998-10-03,1971-05-09,19
100000123,Thomas Lynch,M,Nurse,63671.0,2027-05-08,1991-06-08,4
100000124,Madeline Dixon,F,Nurse,54289.0,2013-02-17,1978-05-13,15
100000125,Julie Webb,F,Nurse,73258.0,2007-11-10,1978-08-10,18
100000126,Teresa Ford,F,Nurse,57158.0,2007-06-21,1983-06-07,9
100000127,Terry Lee,M,Nurse,63248.0,2022-07-21,1990-01-11,17
100000128,Betty Thomas,F,Nurse,55945.0,2012-02-09,1980-10-27,10
100000129,Zachary Hamilton,M,Nurse,77400.0,1986-07-15,1963-11-28,11
100000130,Aaron Crawford,M,Nurse,67675.0,2005-09-25,1976-12-13,3
100000131,Kelsey Taylor,F,Nurse,55271.0,1985-01-21,1961-02-02,9
100000132,Sophia Ward,F,Nurse,74615.0,1984-07-28,1960-10-20,19
100000133,Diana Stephens,F,Nurse,67990.0,2028-10-28,1988-07-09,12
100000134,Nicole Carter,F,Nurse,71515.0,2021-07-04,1990-07-15,11
100000135,Griffin Harris,M,Nurse,54093.0,1992-05-13,1964-08-04,15
100000136,Annie Nguyen,F,Nurse,55190.0,2022-04-24,1985-03-23,18
100000137,Dawn Sanchez,F,Nurse,53698.0,2021-07-07,1985-08-06,5
100000138,Connor Bishop,M,Nurse,67370.0,2023-03-01,1992-02-04,8
100000139,William Cole,M,Nurse,63847.0,2021-01-28,1990-12-16,9
100000140,Parker Sandoval,M,Nurse,75620.0,2028-02-03,1996-04-21,9
100000141,Louis Martin,M,Nurse,57672.0,2033-07-21,1999-10-08,3
100000142,Benjamin Jones,M,Nurse,68050.0,1996-08-23,1967-10-03,18
100000143,Bernice Morrison,F,Nurse,70280.0,2012-06-26,1989-01-04,7
100000144,Jill Lawrence,F,Nurse,58303.0,2002-08-25,1963-04-18,16
100000145,Anthony Walsh,M,Nurse,60414.0,2015-05-12,1981-09-26,1
100000146,Kylie Lopez,F,Nurse,73593.0,1990-09-06,1966-11-21,6
100000147,Brianna Silva,F,Nurse,77725.0,1998-08-06,1965-10-06,19
100000148,Sydney Harper,F,Nurse,56539.0,2024-09-24,1993-12-13,15
100000149,Lincoln Mendoza,M,Nurse,67531.0,1996-12-08,1967-05-25,5
100000150,Rachel Jacobs,F,Nurse,69854.0,2021-03-24,1988-07-06,2
100000151,Arthur Goodwin,M,Nurse,52483.0,2006-01-23,1976-05-28,1
100000152,Oliver Cox,M,Nurse,63473.0,2005-07-01,1972-10-18,15
100000153,Quinn George,F,Nurse,70521.0,2002-11-15,1975-04-19,18
100000154,Bryan Hayes,M,Nurse,55308.0,2009-10-23,1978-09-05,11
100000155,Harper Miller,F,Nurse,70187.0,2021-04-18,1984-02-10,14
100000156,Isabelle Smith,F,Nurse,75313.0,2004-01-13,1975-06-23,14
100000157,Ian Delgado,M,Nurse,65160.0,1993-07-12,1963-11-06,16
100000158,Jude Lane,M,Nurse,65033.0,2029-06-11,1998-09-09,12
100000159,Autumn Roberts,F,Nurse,58582.0,2022-04-11,1996-12-25,8
100000160,Jamie Henderson,F,Nurse,65282.0,2026-08-23,1985-10-28,9
100000161,Lucy Bailey,F,Nurse,76783.0,2009-06-07,1970-08-08,8
100000162,Bella Chambers,F,Nurse,60667.0,2010-04-19,1986-03-27,18
100000163,Stephen Santos,M,Nurse,55055.0,2034-03-03,1997-06-15,4
100000164,Joan Romero,F,Nurse,65158.0,2003-06-09,1981-11-06,12
100000165,Cooper Owens,M,Nurse,75117.0,2011-06-15,1971-08-25,20
100000166,Easton Cunningham,M,Nurse,63157.0,2030-08-18,1997-01-26,20
100000167,Ryder Rogers,M,Nurse,53096.0,2028-03-05,1988-01-02,15
100000168,Christine Mitchell,F,Nurse,72893.0,2003-04-08,1970-03-02,10
100000169,Brody Zimmerman,M,Nurse,66703.0,2019-07-23,1996-07-28,19
100000170,Steven Dominguez,M,Nurse,64306.0,1998-04-13,1976-03-20,10
100000171,Matthew Porter,M,Nurse,56797.0,2026-07-19,1993-01-10,16
100000172,Milo Chapman,M,Nurse,70344.0,2006-01-23,1967-07-01,20
100000173,Ashton Jenkins,M,Nurse,52481.0,2020-08-23,1997-03-04,20
100000174,Austin Rivera,M,Nurse,76140.0,2014-12-03,1980-02-27,3
100000175,Edna Lawson,F,Nurse,75619.0,2003-06-25,1964-03-16,17
100000176,Vincent Ellis,M,Nurse,70042.0,2034-05-17,1995-07-16,2
100000177,Mason Chen,M,Nurse,77721.0,2020-12-13,1991-04-01,7
100000178,Ruth Martinez,F,Nurse,62127.0,2012-10-01,1979-03-01,18
100000179,Kathryn Howard,F,Nurse,71934.0,2026-01-22,1996-06-28,11
100000180,Marie Sanders,F,Nurse,59431.0,2011-09-21,1984-05-19,9
100000181,Donald Payne,M,Nurse,69210.0,1995-05-22,1966-04-19,10
100000182,River Richards,M,Nurse,77046.0,2006-08-02,1971-01-17,20
100000183,Phyllis Berry,F,Nurse,58798.0,1993-02-17,1969-08-13,20
100000184,Jacqueline Parsons,F,Nurse,58975.0,1990-07-22,1964-10-05,17
100000185,Allison Ruiz,F,Nurse,59222.0,2023-07-22,1984-09-12,20
100000186,Axel Perkins,M,Nurse,56352.0,1998-09-27,1960-06-14,10
100000187,David Harvey,M,Nurse,65032.0,2006-10-24,1969-06-27,20
100000188,Raymond Cook,M,Nurse,72377.0,2019-01-06,1988-07-28,16
100000189,Brayden Wood,M,Nurse,60391.0,2035-08-25,1996-11-11,5
100000190,Lawrence Chavez,M,Nurse,54422.0,2024-03-10,1992-12-11,9
100000191,Peyton Clark,F,Nurse,52622.0,1994-04-09,1963-05-04,2
100000192,Sawyer King,M,Nurse,56654.0,1997-01-02,1963-07-14,19
100000193,Lincoln Larson,M,Nurse,63093.0,2029-04-17,1988-07-18,14
100000194,Morgan Woods,F,Nurse,65118.0,2007-07-03,1982-10-13,14
100000195,Ivy Reid,F,Nurse,54635.0,2019-02-05,1989-12-07,13
100000196,Maxwell Ramos,M,Nurse,54810.0,2009-02-23,1973-03-08,6
100000197,Roman Sutton,M,Nurse,52540.0,2013-04-16,1983-11-07,14
100000198,Lori Hale,F,Nurse,60448.0,2005-05-09,1969-06-11,11
100000199,Marilyn Vazquez,F,Nurse,74953.0,2013-04-27,1985-01-13,20
100000200,Brittney Fox,F,Nurse,66744.0,2012-06-26,1988-03-10,1
100000201,Noah Young,M,Nurse,68025.0,2017-11-15,1979-07-09,17
100000202,Jenna Fisher,F,Nurse,63346.0,2024-04-23,1998-07-20,5
100000203,Luke Peterson,M,Nurse,67374.0,2003-11-08,1968-08-17,6
100000204,Cindy Carr,F,Nurse,77346.0,2020-08-22,1983-03-05,8
100000205,Paisley Moore,F,Nurse,57988.0,2024-01-22,1991-01-04,9
100000206,Scott Mason,M,Nurse,71959.0,2009-03-09,1983-06-01,5
100000207,Randy Kelley,M,Nurse,64794.0,2025-12-16,1987-08-06,16
100000208,Harold Russell,M,Nurse,56936.0,2016-06-28,1978-03-03,16
100000209,Katie Vasquez,F,Nurse,72406.0,1989-11-20,1964-08-17,18
100000210,Leslie Salazar,F,Nurse,69227.0,2007-01-24,1980-02-03,19
100000211,Angela Holmes,F,Nurse,65164.0,2019-07-17,1980-06-05,14
100000212,Micah Hanson,M,Nurse,68807.0,2015-01-12,1978-05-25,14
100000213,Amber Coleman,F,Nurse,57560.0,2038-03-08,1999-01-25,10
100000214,Victoria Torres,F,Nurse,55176.0,2012-03-19,1986-12-01,16
100000215,Irene Hawkins,F,Nurse,71527.0,1995-12-19,1969-08-01,13
100000216,Katherine Myers,F,Nurse,66420.0,1997-05-06,1974-04-09,16
100000217,Chase Reed,M,Nurse,56965.0,2023-05-14,1992-06-14,16
100000218,Erin Kennedy,F,Nurse,53825.0,2017-10-19,1988-05-25,1
100000219,Tucker Freeman,M,Nurse,57334.0,2038-04-26,1997-01-02,1
100000220,Dominic Medina,M,Nurse,70719.0,1998-03-08,1962-11-04,12
100000221,Elaine Marshall,F,Nurse,65710.0,2015-02-23,1974-11-24,7
100000222,Kimberly Bell,F,Nurse,62349.0,2000-07-04,1967-11-26,5
100000223,Brittany Newman,F,Nurse,61872.0,1999-02-16,1970-08-02,4
100000224,Dorothy Garza,F,Nurse,69379.0,2016-04-25,1979-01-11,4
100000225,Henry Hill,M,Nurse,52492.0,2005-10-24,1964-05-23,11
100000226,Nina Rice,F,Nurse,53304.0,2016-08-27,1977-03-06,7
100000227,Geraldine Jensen,F,Nurse,74223.0,1988-10-01,1964-04-16,18
100000228,Gavin Patterson,M,Nurse,77321.0,1995-05-28,1964-04-21,13
100000229,Natalia Howell,F,Nurse,58823.0,2020-08-16,1984-05-12,2
100000230,Beverly Campbell,F,Nurse,77294.0,2011-12-18,1987-02-10,5
100000231,Peter Bryant,M,Nurse,65700.0,1989-09-20,1964-02-20,20
100000232,Damian Foster,M,Nurse,71362.0,1995-01-18,1969-06-02,11
100000233,Joseph Morris,M,Nurse,65221.0,2000-02-24,1971-08-27,11
100000234,Doris Alvarez,F,Nurse,71217.0,2007-08-14,1966-05-13,8
100000235,Logan Griffin,M,Nurse,57997.0,2010-08-16,1973-04-04,16
100000236,Leo Palmer,M,Nurse,70481.0,2015-09-23,1981-03-08,6
100000237,Sara Aguilar,F,Nurse,52340.0,2013-07-23,1976-10-23,19
100000238,Eleanor Robinson,F,Nurse,76157.0,2018-09-14,1982-04-18,18
100000239,Jackson Gardner,M,Nurse,63708.0,2004-12-07,1966-03-03,1
100000240,Eugene Hudson,M,Nurse,73321.0,2033-06-16,1995-06-07,4
100000241,Jace Pena,M,Nurse,67914.0,2006-09-03,1969-08-22,8
100000242,Dennis Sims,M,Nurse,67401.0,2036-06-16,1999-05-24,13
100000243,Judith Montgomery,F,Nurse,70422.0,2031-06-02,1991-06-04,9
100000244,Thelma Adams,F,Nurse,56580.0,2000-01-25,1967-05-06,15
100000245,Gertrude Kim,F,Nurse,59214.0,2019-05-07,1982-04-21,16
100000246,Willie Arnold,M,Nurse,60316.0,2004-10-04,1978-10-24,10
100000247,Ezekiel McDonald,M,Nurse,71472.0,2019-11-15,1992-09-21,1
100000248,Debra Williams,F,Nurse,65507.0,2004-04-18,1969-04-13,6
100000249,Patrick Rodriguez,M,Nurse,55944.0,2008-09-17,1974-09-16,9
100000250,Valerie Edwards,F,Nurse,53651.0,2029-11-18,1998-09-18,17
100000251,Carson Thompson,M,Nurse,55834.0,2025-01-16,1988-09-08,10
100000252,Alexander Reyes,M,Nurse,59039.0,2030-01-12,1999-07-25,16
100000253,Alexis Watkins,F,Nurse,57208.0,2033-02-20,1999-02-27,6
100000254,Isaac Gilbert,M,Nurse,62091.0,2019-02-16,1992-03-19,13
100000255,Norma Castro,F,Nurse,66087.0,2014-05-24,1988-10-22,13
100000256,Danielle Ryan,F,Nurse,56735.0,2016-09-22,1994-04-09,1
100000257,Eric Burke,M,Nurse,68900.0,2017-10-03,1986-11-09,1
100000258,Luna Bennett,F,Nurse,67174.0,2034-05-16,1998-03-19,5
100000259,Gianna French,F,Nurse,61408.0,2006-12-14,1969-06-13,3
100000260,Caroline Daniels,F,Nurse,61285.0,2006-10-04,1977-12-27,8
100000261,Andrew Brooks,M,Nurse,65417.0,2028-03-04,1989-07-05,2
100000262,Jaxon Stone,M,Nurse,56797.0,2030-12-20,1989-08-24,7
100000263,Kevin Fernandez,M,Nurse,68929.0,2027-03-11,1988-11-10,5
100000264,Elizabeth Guzman,F,Nurse,75579.0,2026-04-27,1992-05-16,5
100000265,Crystal Gonzales,F,Nurse,67191.0,1998-01-21,1965-12-17,4
100000266,Charles Greene,M,Nurse,54965.0,2024-01-02,1996-10-07,11
100000267,Riley Mills,F,Nurse,60875.0,2005-02-07,1981-04-05,2
100000268,Sarah Elliott,F,Nurse,72721.0,2010-06-02,1983-04-25,3
100000269,Mia Castillo,F,Nurse,75393.0,2035-07-13,1998-09-12,2
100000270,Lily Cruz,F,Nurse,62667.0,2011-08-04,1989-10-19,2
100000271,Anita West,F,Nurse,76309.0,2017-12-14,1986-02-05,3
100000272,April Bradley,F,Nurse,66149.0,2016-08-23,1985-04-13,7
100000273,Connie Jordan,F,Nurse,60292.0,1996-03-21,1974-08-03,11
100000274,Jayden Collins,M,Nurse,68644.0,1997-10-14,1960-11-14,18
100000275,Esther Price,F,Nurse,56721.0,1994-08-15,1960-06-16,14
100000276,Roy Hughes,M,Nurse,53340.0,2012-12-08,1974-12-17,17
100000277,Asher Baker,M,Nurse,67090.0,1998-07-01,1962-07-16,15
100000278,Pauline Kelly,F,Nurse,71366.0,1997-03-03,1974-07-04,19
100000279,Dylan Phillips,M,Nurse,74447.0,2020-02-18,1990-04-24,9
100000280,Victor Cooper,M,Nurse,53720.0,1990-01-03,1968-07-19,9
100000281,Ryan Ferguson,M,Nurse,70078.0,1999-05-13,1966-03-16,5
100000282,Kyle Andrews,M,Nurse,67565.0,2004-09-12,1970-01-09,20
100000283,Barbara Tucker,F,Nurse,75345.0,2014-04-06,1975-08-23,14
100000284,Everly Hicks,F,Nurse,61307.0,2016-04-28,1985-02-04,7
100000285,Rhonda Franklin,F,Nurse,55361.0,1990-03-21,1961-10-04,13
100000286,Billy Guerrero,M,Nurse,57637.0,1992-04-02,1960-03-27,16
100000287,Weston White,M,Nurse,56746.0,2010-08-18,1978-01-09,2
100000288,Rosa Perez,F,Nurse,52355.0,2005-06-25,1968-05-01,17
100000289,Daniel Wells,M,Nurse,67895.0,2034-03-13,1993-01-11,19
100000290,Ezra Perry,M,Nurse,57478.0,2009-06-15,1987-06-14,6
100000291,Wayne Spencer,M,Nurse,58847.0,2011-08-20,1981-03-17,18
100000292,Emilia Howell,F,Nurse,70193.0,1989-03-28,1963-09-25,13
100000293,Audrey Phillips,F,Nurse,54788.0,1989-06-02,1961-03-08,7
100000294,Adam Hill,M,Nurse,70148.0,2003-12-24,1967-03-21,18
100000295,Oliver Perez,M,Nurse,55517.0,2013-04-02,1972-01-01,16
100000296,Penelope Reed,F,Nurse,72044.0,2009-11-10,1983-08-07,7
100000297,Hayden Watkins,M,Nurse,61805.0,2009-08-25,1972-05-25,1
100000298,Ryker Mills,M,Nurse,60877.0,2033-12-04,1995-07-07,15
100000299,Margaret Harris,F,Nurse,60588.0,1996-02-06,1966-07-06,2
100000300,Wesley Adams,M,Billing Specialist,50356.60500545202,2017-08-10,1977-05-14,1
100000301,Amy Zimmerman,F,Janitor,41581.200669883016,2003-02-16,1963-05-19,10
100000302,Elliott Hawkins,M,Billing Specialist,52000.0,2014-12-23,1985-05-05,15
100000303,Hunter Pierce,M,Physician Assistant,104766.0,1998-07-02,1964-08-17,16
100000304,Bruce Jimenez,M,Maintenance Technician,55951.37387058398,2023-09-18,1991-09-18,15
100000305,Alexa Nguyen,F,Janitor,47047.572216541535,2007-01-18,1985-08-14,9
100000306,Felix Rice,M,Physician Assistant,102386.0,1993-12-04,1965-02-04,10
100000307,Becky Jordan,F,Physician Assistant,111315.0,2021-06-16,1991-04-20,7
100000308,Olivia Roberts,F,Billing Specialist,52000.0,2021-02-28,1993-02-10,8
100000309,Oscar Chavez,M,Janitor,36772.707816466725,2004-04-01,1970-10-21,1
100000310,Gary Anderson,M,Janitor,48263.28277855938,1996-04-10,1962-10-01,8
100000311,Janet Kelly,F,Janitor,47597.78892613838,2023-04-16,1988-11-03,11
100000312,Kinsley Carr,F,Physician Assistant,93106.0,2004-05-04,1977-01-03,10
100000313,Shannon Berry,F,Physician Assistant,89589.0,2034-10-05,1996-10-18,16
100000314,Jose Richardson,M,Billing Specialist,52000.0,2036-02-24,1995-07-25,9
100000315,Dana Barnes,F,Security Guard,39973.62857460108,2015-01-20,1986-05-15,13
100000316,Carolyn McCoy,F,Physician Assistant,76741.0,2010-04-28,1982-02-07,1
100000317,Emery Patel,F,Physician Assistant,108487.0,2025-04-17,1996-01-05,12
100000318,Brooke Taylor,F,Security Guard,44441.44868341964,2018-11-06,1977-02-19,15
100000319,Josephine Alvarez,F,Physician Assistant,90523.0,1991-01-10,1965-07-11,7
100000320,John Walker,M,Billing Specialist,52000.0,1995-08-03,1971-10-02,11
100000321,Lois Payne,F,Physician Assistant,96627.0,2029-10-17,1988-09-19,8
100000322,Stephanie Le,F,Billing Specialist,51295.09443845495,2023-05-05,1992-02-05,8
100000323,Maya Romero,F,Security Guard,41275.386208574164,2006-04-25,1971-07-19,17
100000324,Theodore Richards,M,Security Guard,44936.08065268278,2014-03-19,1991-02-12,3
100000325,Gregory Gardner,M,Physician Assistant,90158.0,2030-08-01,1995-01-18,9
100000326,Veronica Lee,F,Billing Specialist,52000.0,2023-03-07,1990-05-27,13
100000327,Willow Reid,F,Maintenance Technician,44243.56801233658,2016-02-23,1983-02-09,10
100000328,Jonah French,M,Physician Assistant,91670.0,2005-06-22,1969-04-21,6
100000329,Silas Garcia,M,Receptionist,42936.619729304344,2026-06-14,1993-07-25,6
100000330,Summer Contreras,F,Billing Specialist,51447.2711894841,2029-07-06,1999-02-11,14
100000331,Hazel Snyder,F,Physician Assistant,91026.0,2005-08-20,1968-01-03,17
100000332,Naomi Hicks,F,Billing Specialist,55239.620093533376,2003-12-27,1963-12-17,4
100000333,Evan Espinoza,M,Receptionist,53121.90316236905,2002-04-20,1968-10-25,14
100000334,Jade Harvey,F,Janitor,48137.232312254884,1988-09-25,1966-07-11,17
100000335,Gage Boyd,M,Receptionist,41072.43094055165,1997-02-03,1969-06-28,13
100000336,Brandon Washington,M,Janitor,44167.60258972776,1991-01-11,1966-07-10,20
100000337,Grace Gonzalez,F,Physician Assistant,91908.0,2009-09-09,1976-05-27,14
100000338,Martha Cox,F,Billing Specialist,54096.24331805722,1997-05-13,1965-10-04,20
100000339,Roger Weaver,M,Security Guard,41479.148099691774,2002-08-14,1964-09-07,14
100000340,Joanne Black,F,Physician Assistant,99547.0,2023-10-22,1991-02-21,18
100000341,Harrison Williamson,M,Maintenance Technician,41627.634024829866,2008-05-20,1979-04-08,8
100000342,Richard Bailey,M,Physician Assistant,110971.0,2001-04-13,1976-01-02,2
100000343,Judy Powell,F,Physician Assistant,96891.0,2017-07-08,1984-04-28,13
100000344,Jesse Manning,M,Security Guard,40146.38299897185,2006-01-16,1981-02-03,11
100000345,Cameron Gray,M,Maintenance Technician,40313.051425076024,2006-01-04,1974-08-09,20
100000346,Katelyn Perkins,F,Physician Assistant,92915.0,1992-11-13,1960-03-21,4
100000347,Brandy Hart,F,Security Guard,38277.2021643747,2026-11-22,1988-11-06,18
100000348,Dean Clark,M,Billing Specialist,54328.541156814084,2001-09-13,1963-07-17,2
100000349,Keith Moore,M,Receptionist,51936.9141381569,2007-11-08,1973-06-01,4
100000350,Kayla Stephens,F,Medical Technician,52940.0,2026-04-13,1991-09-23,6
100000351,Elijah Price,M,Security Guard,47143.484515200005,1998-02-04,1976-03-23,3
100000352,Ellen Sutton,F,Medical Technician,59123.0,2017-08-09,1988-11-04,7
100000353,Lucas Dean,M,Maintenance Technician,58532.94973193799,2019-09-07,1991-01-19,18
100000354,Juan Li,M,Billing Specialist,55048.19596974744,2006-10-13,1981-10-17,2
100000355,Wesley King,M,Billing Specialist,53710.012169220616,2036-11-17,1998-11-28,13
100000356,Tara Guerrero,F,Medical Technician,61734.0,2004-03-07,1968-12-09,3
100000357,Joshua Diaz,M,Medical Technician,59059.0,2016-07-03,1979-10-19,13
100000358,Christian Ramirez,M,Medical Technician,61549.0,1998-08-26,1971-02-01,2
100000359,Gail Franklin,F,Receptionist,52239.86631666992,2000-05-01,1962-08-18,5
100000360,Theo Reyes,M,Receptionist,46032.29900506042,2027-08-08,1989-12-21,14
100000361,Kaitlyn Hanson,F,Medical Technician,63860.0,2021-07-05,1990-05-14,1
100000362,Michelle Lynch,F,Janitor,36873.98194584719,2029-09-10,1990-11-02,6
100000363,Catherine Howard,F,Janitor,37138.08758802184,2007-04-20,1966-11-20,13
100000364,Bethany Parsons,F,Billing Specialist,53389.316578211976,2014-04-21,1988-01-07,9
100000365,Tammy Williams,F,Medical Technician,64332.0,2016-07-16,1986-07-24,15
100000366,Maria Sullivan,F,Medical Technician,61157.0,2018-01-18,1996-02-22,9
100000367,Johnny Wagner,M,Maintenance Technician,40198.34257164982,2010-10-26,1987-07-22,17
100000368,Ellie Vega,F,Medical Technician,57008.0,2034-11-22,1994-04-23,15
100000369,Bobby Morrison,M,Receptionist,45000.0,2013-05-19,1984-12-27,16
100000370,Preston Turner,M,Medical Technician,53298.0,2002-08-16,1980-01-14,13
100000371,Layla Herrera,F,Billing Specialist,57486.72968126796,1999-11-10,1962-03-01,1
100000372,Paige Mendoza,F,Janitor,37376.58905492227,2005-02-14,1969-03-11,18
100000373,Sean Nunez,M,Security Guard,41281.225001043225,2022-04-18,1981-02-22,18
100000374,Jason Wallace,M,Receptionist,57936.23195362817,2025-11-24,1990-07-20,18
100000375,Meredith Thompson,F,Receptionist,58536.368018499496,2022-07-17,1987-08-21,5
100000376,Brian Cruz,M,Janitor,49393.67975833699,2026-05-20,1999-02-17,3
100000377,Adrian George,M,Medical Technician,47297.0,2000-01-20,1964-06-01,2
100000378,Greyson Estrada,M,Receptionist,41292.69872401918,1990-10-19,1960-12-27,10
100000379,Nolan Riley,M,Medical Technician,65814.0,2000-07-09,1971-01-13,15
100000380,Adalynn Ramos,F,Janitor,39593.3253606411,1989-04-24,1962-06-04,12
100000381,Joe Martinez,M,Receptionist,42045.347925774746,2013-08-04,1978-06-03,17
100000382,Maddox Kim,M,Medical Technician,61139.0,2031-05-07,1995-06-01,6
100000383,Alyssa Wheeler,F,Receptionist,45000.0,2027-06-13,1997-01-14,3
100000384,Melissa Larson,F,Medical Technician,54554.0,2030-10-10,1990-04-21,2
100000385,Jeffrey Rodriguez,M,Maintenance Technician,43816.300270225016,2014-08-11,1979-11-19,3
100000386,Michael Chapman,M,Medical Technician,47074.0,1983-03-14,1961-09-05,6
100000387,Elena Alvarado,F,Janitor,46339.478535052396,1991-02-20,1960-09-11,20
100000388,Jeremy Watson,M,Medical Technician,52107.0,2001-06-02,1969-04-07,12
100000389,Xavier Hamilton,M,Medical Technician,48242.0,2008-08-27,1980-06-22,16
100000390,Monica Tran,F,Maintenance Technician,50836.17672133532,2011-07-22,1986-10-05,17
100000391,Gladys Matthews,F,Medical Technician,61716.0,1999-03-20,1973-05-22,16
100000392,Isabella Simmons,F,Janitor,40320.980830579516,1988-03-19,1966-11-01,20
100000393,Robert Goodwin,M,Medical Technician,55562.0,2001-04-04,1977-10-18,17
100000394,Paul Wells,M,Medical Technician,51357.0,2028-10-09,1991-11-11,17
100000395,Virginia Butler,F,Medical Technician,45980.0,2019-03-16,1980-03-01,8
100000396,Lynn Burns,F,Billing Specialist,51809.49156060671,1992-07-02,1963-12-10,14
100000397,Emma Austin,F,Receptionist,45000.0,2013-04-21,1988-04-12,9
100000398,Blake Hughes,M,Medical Technician,54662.0,2031-01-17,1994-05-16,17
100000399,Jacob Wilson,M,Medical Technician,46604.0,2022-07-18,1990-03-05,1
100000400,Levi Freeman,M,Medical Technician,64921.0,1985-04-03,1963-12-22,9
100000401,Landon Mitchell,M,Billing Specialist,59383.08956055404,2002-05-13,1971-08-05,16
100000402,Eli Griffin,M,Receptionist,49217.28042446678,2032-04-07,1997-08-17,15
100000403,Russell Rose,M,Janitor,46155.079186769464,2004-06-16,1974-07-13,19
100000404,Paula Robinson,F,Receptionist,45000.0,2031-12-20,1995-01-22,18
100000405,James Brown,M,Receptionist,58989.70369597532,2018-08-13,1979-02-14,8
100000406,Theresa Crawford,F,Receptionist,59773.5774513994,1998-07-17,1975-07-19,10
100000407,Jennifer Murphy,F,Medical Technician,64281.0,2013-12-08,1986-01-18,1
100000408,Beckett White,M,Medical Technician,54015.0,2013-02-26,1982-04-12,1
100000409,Kenneth Ellis,M,Medical Technician,50901.0,2020-11-02,1998-01-25,11
100000410,Denise Campbell,F,Billing Specialist,55885.44972388835,2003-06-05,1980-07-11,12
100000411,Mariah Ray,F,Receptionist,45000.0,2013-10-21,1978-01-22,5
100000412,Shirley Warren,F,Medical Technician,60640.0,2004-08-12,1975-12-07,16
100000413,Faith Mendez,F,Medical Technician,57154.0,2019-02-09,1997-01-15,10
100000414,Nathan Morales,M,Maintenance Technician,53757.41017964601,2022-04-24,1995-12-28,3
100000415,Mildred Carpenter,F,Maintenance Technician,54888.11505458657,2010-02-22,1983-05-27,7
100000416,Louise Medina,F,Medical Technician,55042.0,2031-10-15,1991-02-16,9
100000417,Alexandra Owens,F,Billing Specialist,44396.76485712384,2007-12-15,1966-11-09,19
100000418,Spencer Sims,M,Janitor,45271.18898080284,2001-07-27,1974-07-02,9
100000419,Gloria Jenkins,F,Maintenance Technician,49469.593095812095,2000-05-12,1962-02-27,2
100000420,Maverick Sandoval,M,Janitor,44978.13660185036,2010-02-12,1975-04-06,14
100000421,Addison Hernandes,F,Security Guard,46627.89608012205,2021-10-14,1993-03-24,14
100000422,Nicholas Knight,M,Medical Technician,58983.0,2024-05-27,1986-11-12,20
100000423,Samuel Castro,M,Medical Technician,52020.0,2010-08-27,1985-11-19,2
100000424,Everett Figueroa,M,Receptionist,58161.484040510404,2021-02-25,1999-04-14,15
100000425,Frances Hoffman,F,Receptionist,45000.0,2012-06-21,1982-06-08,9
100000426,David Peterson,M,Maintenance Technician,51620.07303178689,2010-10-01,1979-03-07,7
100000427,Dean Singh,M,Medical Technician,57150.0,2012-11-16,1973-03-20,9
100000428,Everett Garza,M,Maintenance Technician,47318.12498352514,2001-07-18,1977-03-03,9
100000429,Heather Vargas,F,Medical Technician,58541.0,2037-10-10,1998-12-27,14
100000430,Silas Gilbert,M,Janitor,38000.0,2012-06-19,1975-08-28,14
100000431,Hudson Lopez,M,Security Guard,37131.035547144435,2034-01-04,1999-09-24,19
100000432,Rose Hall,F,Janitor,37548.723946933445,2001-07-26,1961-10-06,15
100000433,Gary Gonzales,M,Maintenance Technician,59198.706906610896,2028-03-02,1995-12-22,12
100000434,Frank Greene,M,Administrative Staff,50108.0,2032-04-03,1991-04-14,10
100000435,Landon Meyer,M,Receptionist,58163.595568680605,2033-06-17,1992-07-23,4
100000436,Madison Thomas,F,Security Guard,42000.0,1984-12-23,1960-06-24,17
100000437,Zoe Chen,F,Security Guard,37191.62582545248,1993-01-03,1966-09-06,17
100000438,Zachary Cunningham,M,Receptionist,49901.25320323225,2008-09-12,1985-09-07,20
100000439,Kristen Harper,F,Security Guard,40342.89174118753,2010-07-08,1988-08-18,4
100000440,Mackenzie Hunter,F,Security Guard,42611.704699062975,2008-04-05,1971-11-06,18
100000441,Eliana Hayes,F,Security Guard,42000.0,2003-09-05,1973-09-03,19
100000442,Chelsea Santos,F,Janitor,37399.863948339655,1998-10-01,1965-10-28,5
100000443,Roger Cole,M,Maintenance Technician,40372.39514172785,1985-02-27,1962-09-16,5
100000444,Samantha Baker,F,Administrative Staff,52788.0,2016-08-02,1978-06-17,5
100000445,Roy Castillo,M,Janitor,43047.397673428044,2008-04-14,1985-10-09,10
100000446,Audrey Rios,F,Janitor,41866.60494320706,2000-03-14,1960-04-02,7
100000447,William Henderson,M,Administrative Staff,36747.0,2020-04-14,1992-05-07,5
100000448,Jean Ortega,F,Security Guard,38508.58632291492,2019-08-23,1984-01-28,19
100000449,Aaron Duncan,M,Security Guard,40613.08775969716,2022-08-12,1999-10-24,1
100000450,Lillian Vazquez,F,Janitor,38000.0,2018-06-18,1977-04-14,16
100000451,Joseph Parker,M,Security Guard,42000.0,1990-05-03,1964-06-20,18
100000452,Richard Peters,M,Billing Specialist,51170.36316542219,2006-11-23,1966-05-20,3
100000453,Melanie Marshall,F,Receptionist,55710.00291959001,2029-07-10,1993-02-13,15
100000454,Delilah Cook,F,Billing Specialist,48924.603022952724,1999-11-27,1968-04-11,10
100000455,Grayson Green,M,Janitor,38000.0,2024-02-20,1993-05-28,8
100000456,Mark Gutierrez,M,Janitor,37076.099471994734,2025-11-22,1998-09-02,13
100000457,Piper Murray,F,Janitor,43850.20870227401,2032-02-04,1997-12-22,19
100000458,Greyson Jensen,M,Billing Specialist,53058.988227924856,2005-04-06,1972-05-11,16
100000459,Josiah Ferguson,M,Maintenance Technician,50261.017591028,2019-02-18,1988-10-08,16
100000460,Hunter Young,M,Billing Specialist,46257.55790109778,2012-04-25,1979-08-13,13
100000461,Lucas Hansen,M,Security Guard,42000.0,2002-12-17,1970-04-04,1
100000462,Lillian Carroll,F,Maintenance Technician,49788.45582947468,2006-07-26,1977-01-19,14
100000463,Sofia Stevens,F,Security Guard,36636.2595348838,2002-05-09,1978-12-11,16
100000464,Marcus Bell,M,Billing Specialist,53155.1081345988,1992-11-08,1963-04-04,19
100000465,Hailey Lane,F,Janitor,38000.0,2005-11-15,1980-07-09,13
100000466,Theo Johnston,M,Security Guard,42000.0,1996-08-14,1966-09-01,10
100000467,Levi Wright,M,Receptionist,51773.975273436045,2000-03-21,1970-01-22,7
100000468,Janice Silva,F,Security Guard,39368.138794546714,1999-04-05,1969-02-28,12
100000469,Michael Jones,M,Security Guard,38734.74618923231,2022-04-16,1997-06-08,8
100000470,Wendy Fox,F,Maintenance Technician,55598.28072821405,2002-05-17,1963-09-19,8
100000471,Aria Perry,F,Receptionist,54899.28556743354,2017-09-24,1987-01-18,6
100000472,Eva Simpson,F,Administrative Staff,53348.0,2009-03-14,1981-04-10,18
100000473,Alice Kelley,F,Administrative Staff,52858.0,1985-04-15,1961-05-09,5
100000474,Violet Bradley,F,Receptionist,55465.97205224572,2007-01-10,1974-12-02,12
100000475,Terry Montgomery,M,Janitor,38000.0,2007-05-01,1979-11-07,12
100000476,Brian Henry,M,Security Guard,42000.0,2017-06-09,1990-03-27,11
100000477,Kaiden Evans,M,Administrative Staff,48603.0,1993-11-14,1966-11-28,20
100000478,Alan West,M,Maintenance Technician,57231.221686324105,2014-03-13,1977-05-18,2
100000479,Jeremy Holmes,M,Administrative Staff,52371.0,2008-05-02,1969-10-11,9
100000480,Charlotte Palmer,F,Janitor,38000.0,2014-12-08,1986-05-07,16
100000481,Rebecca McDonald,F,Security Guard,42000.0,2037-12-15,1997-11-13,20
100000482,Andrew Tucker,M,Maintenance Technician,42315.96020055235,2008-04-17,1986-07-06,3
100000483,Patricia Hunt,F,Administrative Staff,50465.0,2019-11-10,1993-09-15,13
100000484,Sean Lawson,M,Receptionist,53658.59990406998,2008-08-24,1977-09-09,10
100000485,Madelyn Moreno,F,Janitor,38000.0,2006-03-18,1971-07-10,18
100000486,Scarlett Dominguez,F,Security Guard,42000.0,2015-07-08,1980-07-17,20
100000487,Russell Robertson,M,Security Guard,35673.35939183198,2013-04-23,1983-01-26,9
100000488,Julia Bishop,F,Maintenance Technician,45042.40950226927,2010-01-27,1988-06-19,17
100000489,Sawyer Willis,M,Maintenance Technician,40521.80375843988,2014-09-18,1980-08-10,14
100000490,Kingston Newman,M,Maintenance Technician,45070.32854419423,2031-06-15,1993-04-27,9
100000491,Jesse Webb,M,Security Guard,36967.927998144245,2019-10-03,1984-02-02,3
100000492,Peter Russell,M,Administrative Staff,38161.0,2008-09-19,1984-08-19,9
100000493,Kristin Vasquez,F,Billing Specialist,52501.92319511635,2026-07-03,1989-05-26,17
100000494,Bailey Patterson,F,Administrative Staff,40022.0,2020-08-03,1993-02-22,10
100000495,Easton Rogers,M,Billing Specialist,48852.67271548016,2023-10-06,1993-04-21,20
100000496,Natalie Ross,F,Receptionist,59674.821663544906,2038-11-21,1999-06-27,13
100000497,Lawrence Santiago,M,Janitor,47132.244495210536,1986-12-28,1962-03-20,6
100000498,Alicia Collins,F,Billing Specialist,45427.34744008559,2029-06-01,1998-04-17,12
100000499,Chloe Ruiz,F,Administrative Staff,52182.0,2022-09-27,1984-10-22,9
100000500,Ashley Pena,F,Maintenance Technician,44000.0,2013-04-02,1972-04-06,7
100000501,Holly Bryant,F,Lab Technician,50480.0,2001-05-13,1962-01-06,16
100000502,Beckett Edwards,M,Lab Technician,45642.0,2009-01-20,1970-12-02,19
100000503,Donald Stewart,M,Billing Specialist,40954.73299112483,1995-10-28,1973-11-25,8
100000504,Jeffrey Grant,M,Lab Technician,41936.0,2007-09-05,1974-11-16,14
100000505,Emmett Valdez,M,Janitor,40187.90317898096,2018-05-10,1986-06-07,1
100000506,Nancy Armstrong,F,Security Guard,44158.689128390804,2035-08-11,1994-02-17,13
100000507,Ann Rivera,F,Lab Technician,42929.0,2027-04-12,1998-02-21,14
100000508,Pamela Carlson,F,Lab Technician,46244.0,1995-04-25,1970-07-25,13
100000509,Benjamin Ortiz,M,Receptionist,45803.87005377701,1993-09-03,1971-06-04,2
100000510,Florence Davis,F,Maintenance Technician,44000.0,2006-07-23,1970-09-17,1
100000511,Stella Allen,F,Security Guard,37978.536694265276,2003-12-28,1967-04-26,15
100000512,Asher Jacobs,M,Lab Technician,48960.0,2004-06-03,1971-02-17,17
100000513,Jessica Arnold,F,Lab Technician,41828.0,2024-04-19,1984-09-24,6
100000514,Douglas Munoz,M,Lab Technician,44551.0,2016-02-28,1992-01-22,5
100000515,Lincoln Fisher,M,Billing Specialist,47129.67495898258,2013-10-13,1983-10-26,10
100000516,Max Nelson,M,Receptionist,53121.976850263614,2026-07-09,1993-03-03,10
100000517,Savannah Jackson,F,Lab Technician,49361.0,2006-01-04,1969-09-04,11
100000518,Ariana Hernandez,F,Lab Technician,49101.0,2004-07-13,1968-09-25,20
100000519,Dominic Shaw,M,Billing Specialist,57735.38935645439,2016-12-16,1977-12-22,3
100000520,Leah Graham,F,Maintenance Technician,44000.0,2018-09-06,1977-09-03,15
100000521,Susan Johnson,F,Receptionist,59497.15876496821,2015-06-11,1991-08-01,11
100000522,Avery Reynolds,F,Lab Technician,57195.0,1986-12-28,1964-02-19,4
100000523,Brenda Stone,F,Lab Technician,44582.0,2028-11-28,1991-10-25,17
100000524,Tiffany Spencer,F,Lab Technician,58465.0,2018-02-01,1988-11-10,19
100000525,Karen Kennedy,F,Receptionist,57006.07296992182,2026-02-14,1994-12-26,13
100000526,Ethan Woods,M,Lab Technician,41679.0,2031-04-09,1997-09-17,17
100000527,Jocelyn Cooper,F,Receptionist,54203.64880037317,2006-09-24,1965-05-24,18
100000528,Christian Hudson,M,Receptionist,40641.53549384874,2032-11-07,1993-01-09,15
100000529,Anthony Soto,M,Lab Technician,58658.0,2033-01-06,1993-07-28,6
100000530,Bryson Sanchez,M,Janitor,40251.54521520851,2028-06-08,1998-02-10,11
100000531,Philip Myers,M,Lab Technician,61988.0,2008-05-19,1978-07-02,10
100000532,Scott Gordon,M,Lab Technician,61708.0,2014-03-09,1989-03-25,17
100000533,Harold James,M,Lab Technician,61449.0,1998-09-18,1975-10-22,7
100000534,Cheryl Mason,F,Receptionist,57726.83544713761,2025-04-15,1995-03-25,6
100000535,Jose Brooks,M,Janitor,38574.438416688594,2021-10-25,1996-09-20,8
100000536,Kathleen Andrews,F,Lab Technician,46860.0,2026-12-24,1999-03-04,3
100000537,Serenity Lewis,F,Security Guard,43005.48750621536,2027-11-18,1992-06-16,2
100000538,Skylar Burke,F,Security Guard,35859.816368053805,1997-07-01,1969-05-22,5
100000539,Hannah Lawrence,F,Lab Technician,49569.0,2023-04-02,1988-12-15,3
100000540,Emery Romero,F,Security Guard,40090.64400403515,2029-03-22,1992-09-25,6
100000541,Cooper Nichols,M,Pharmacist,132308.0,2003-06-19,1979-09-18,20
100000542,Dawn Ward,F,Pharmacist,92526.0,2006-08-19,1967-05-01,4
100000543,Ava Carter,F,Janitor,38827.8377764523,2036-08-20,1995-04-19,15
100000544,Jonathan Gibson,M,Pharmacist,118595.0,2010-04-19,1972-09-22,14
100000545,Leah Bennett,F,Pharmacist,104770.0,2014-12-02,1979-10-09,3
100000546,Jerry Jacobs,M,Pharmacist,126098.0,2024-01-22,1998-01-08,5
100000547,Bentley Wong,M,Janitor,41011.28583734697,2001-03-08,1969-08-19,19
100000548,Nina Dunn,F,Receptionist,49858.129408448585,2007-11-10,1974-12-01,15
100000549,Damian Scott,M,Billing Specialist,58068.951529501355,2004-06-12,1978-10-21,2
100000550,Jackson Wood,M,Pharmacist,137621.0,2015-02-19,1977-02-16,3
100000551,Ryder Olson,M,Receptionist,45828.5953520116,1999-07-06,1973-09-03,15
100000552,Hazel Daniels,F,Pharmacist,126681.0,2038-11-25,1998-04-01,19
100000553,Robert Morris,M,Pharmacist,130030.0,2021-09-16,1995-07-08,4
100000554,Nathan Elliott,M,Pharmacist,97781.0,2019-09-20,1980-04-10,14
100000555,Edward Martin,M,Pharmacist,104477.0,2029-03-18,1998-03-05,20
100000556,Ezekiel Chambers,M,Security Guard,37767.22145989028,1993-03-15,1969-09-14,16
100000557,Kathleen Gomez,F,Maintenance Technician,55110.26420466741,2020-12-15,1990-07-17,8
100000558,Maddox Foster,M,Receptionist,43528.24012901176,2031-11-15,1996-01-06,17
100000559,Brody Walsh,M,Pharmacist,120021.0,2014-06-06,1983-01-27,4
100000560,Taylor Ryan,F,Pharmacist,103114.0,2019-09-23,1990-01-27,14
100000561,Juan Coleman,M,Pharmacist,119050.0,2011-12-07,1976-06-26,17
100000562,Theresa Porter,F,Pharmacist,135834.0,1998-02-10,1969-09-14,16
100000563,Patrick Schmidt,M,Pharmacist,115255.0,1996-06-13,1971-09-01,19
100000564,Elliott Maldonado,M,Billing Specialist,57578.51807496705,2018-12-28,1995-01-26,1
100000565,Joan Smith,F,Pharmacist,134270.0,2001-04-26,1976-11-04,8
100000566,Nicholas Oliver,M,Pharmacist,97568.0,1988-08-27,1963-07-28,16
100000567,Emilia Delgado,F,Pharmacist,99808.0,2013-04-26,1977-02-11,16
100000568,Ryan Harrison,M,Pharmacist,128668.0,2021-04-24,1987-08-13,8
100000569,Eli Flores,M,Janitor,42701.05445704772,2032-08-18,1998-06-21,15
100000570,Norma Long,F,Security Guard,38926.24652780726,2023-11-04,1985-08-05,1
100000571,Esther Fernandez,F,Anesthesiologist,337469.0,2030-01-23,1997-01-25,7
100000572,Elena Dixon,F,Anesthesiologist,338240.0,2002-02-09,1978-10-15,11
100000573,Christopher Salazar,M,Anesthesiologist,334433.0,2007-01-04,1970-10-17,14
100000574,Spencer Ford,M,Anesthesiologist,261937.0,2025-02-07,1987-10-19,19
100000575,Natalie Alexander,F,Anesthesiologist,370111.0,2020-11-22,1989-07-02,7
100000576,Violet Aguilar,F,Anesthesiologist,303797.0,2007-06-21,1985-12-02,10
100000577,Jaxon Hale,M,Anesthesiologist,367475.0,2017-04-27,1995-03-05,11
100000578,Christina Miller,F,Janitor,43037.726863359094,2027-03-26,1999-08-13,16
100000579,Hugo O'Brien,M,Anesthesiologist,371009.0,2025-06-13,1997-12-06,15
100000580,Eleanor Guzman,F,Billing Specialist,58865.64326072183,1991-02-10,1963-03-20,5
100000581,Ruth Morgan,F,Security Guard,38021.87390031267,2014-01-22,1985-07-23,6
100000582,Kevin Sanders,M,Anesthesiologist,285873.0,2016-01-02,1979-06-08,19
100000583,Betty Torres,F,Anesthesiologist,369991.0,2023-02-11,1990-08-05,4
100000584,April Walker,F,Anesthesiologist,261559.0,1989-08-02,1967-10-08,3
100000585,Gabriel Perkins,M,Maintenance Technician,49817.022321527715,1999-05-04,1975-03-21,19
100000586,Milo Thomas,M,Anesthesiologist,289284.0,1991-02-22,1968-07-07,2
100000587,Cole Goodwin,M,Security Guard,43925.876017718874,2035-03-03,1998-12-20,15
100000588,Evelyn Davis,F,Maintenance Technician,54918.598547748115,2007-03-11,1968-05-09,5
100000589,Griffin Johnston,M,Anesthesiologist,272405.0,2011-03-19,1989-04-05,20
100000590,Beverly Watkins,F,Anesthesiologist,341026.0,1994-02-02,1972-05-17,10
100000591,Tyler Romero,M,Anesthesiologist,351293.0,2019-03-05,1987-04-17,7
100000592,Diane Andrews,F,Anesthesiologist,327364.0,2013-07-10,1979-07-13,12
100000593,Kennedy Dunn,F,Billing Specialist,57943.95199970892,2023-10-07,1995-05-24,12
100000594,Lois Nelson,F,Anesthesiologist,321653.0,2019-04-18,1990-05-10,14
100000595,Felix West,M,Janitor,49972.98680614463,1995-06-11,1970-10-05,13
100000596,Martha McCoy,F,Billing Specialist,41945.09901256862,2023-10-28,1998-12-13,20
100000597,Ryker Lee,M,Surgeon,313014.0,2004-08-09,1964-01-08,1
100000598,Gabriella Chambers,F,Billing Specialist,56307.85261056163,2023-05-15,1993-02-17,20
100000599,Ian Soto,M,Janitor,40460.476712584314,2025-09-18,1994-02-21,1
100000600,Jacob Brown,M,Security Guard,38436.612779684394,2004-09-01,1973-06-19,6
100000601,Kayla Schmidt,F,Surgeon,391509.0,2037-03-15,1999-08-18,20
100000602,Layla Wilson,F,Surgeon,394330.0,2033-02-04,1992-07-11,12
100000603,Nolan Pierce,M,Maintenance Technician,50577.42264820232,1985-09-05,1963-11-19,6
100000604,Sebastian Kelley,M,Billing Specialist,59876.256653039454,1995-02-28,1971-04-16,2
100000605,Pamela Franklin,F,Surgeon,294088.0,2036-12-27,1995-10-23,14
100000606,Colton Mitchell,M,Janitor,41389.970225774676,2005-07-11,1969-07-23,9
100000607,Oliver Gonzales,M,Surgeon,289625.0,1999-12-11,1963-08-26,19
100000608,Ralph Hart,M,Security Guard,36610.56377524776,2034-08-10,1998-05-20,5
100000609,Audrey Carlson,F,Janitor,39528.497350097474,2033-07-08,1994-10-05,14
100000610,Jocelyn Gonzalez,F,Surgeon,397090.0,2016-10-21,1978-05-06,12
100000611,Bryan Bishop,M,Janitor,36399.8828978501,2014-05-13,1976-09-18,17
100000612,Nicole Jensen,F,Receptionist,48270.87254896297,2007-03-02,1985-08-25,14
100000613,Nancy Castro,F,Surgeon,320963.0,2013-04-06,1976-09-21,6
100000614,Alexis Guerrero,F,Billing Specialist,50478.99342533581,1992-09-02,1968-08-17,16
100000615,Denise Sanchez,F,Security Guard,47959.4215279832,2023-08-15,1985-06-04,5
100000616,Gertrude Harper,F,Janitor,36946.54161024962,2026-02-08,1994-08-07,16
100000617,Connor Reid,M,Janitor,38938.82820654768,2022-01-02,1993-04-07,6
100000618,Justin Garcia,M,Billing Specialist,53291.6153792953,1990-02-21,1965-06-06,2
100000619,Aria Wallace,F,Janitor,38824.869864280015,2014-09-02,1973-05-08,6
100000620,Debra Gilbert,F,Surgeon,305771.0,2021-12-09,1988-12-20,17
100000621,Willow Richardson,F,Security Guard,39196.916617751114,1986-04-13,1961-03-15,10
100000622,Charlotte Parsons,F,Maintenance Technician,51606.25123362719,2009-04-14,1976-11-13,12
100000623,Noah Stephens,M,Billing Specialist,44759.44712656798,2021-12-16,1982-09-22,8
100000624,Jonah Walsh,M,Surgeon,315210.0,2018-11-22,1986-11-14,2
100000625,Claude Hostede,M,Administrator,107234.49,2021-11-01,1982-06-26,1
100000626,Tường Barrett,F,Administrator,86857.61,2020-05-11,1966-05-23,2
100000627,Veronica Burgess,F,Administrator,75424.4,2018-04-01,1977-04-14,3
100000628,Úti Sibomana,F,Administrator,95685.0,2020-12-25,1980-07-04,4
100000629,Alice Kisoza,M,Administrator,104746.69,2017-01-06,1966-03-27,5
100000630,Giselle Tripathi,M,Administrator,103060.97,2018-05-08,1966-02-06,6
100000631,Raymond Pagan,M,Administrator,83689.26,2015-03-17,1971-02-05,7
100000632,Jyoti Baitursunov,F,Administrator,79270.1,2021-08-03,1988-03-28,8
100000633,Dolores Hughes,F,Administrator,99664.59,2016-01-18,1983-02-14,9
100000634,Þorbjörg Westbrock,M,Administrator,85827.83,2022-07-02,1969-11-10,10
100000635,Tadelech Cross,F,Administrator,87966.86,2017-06-16,1970-09-04,11
100000636,Rosario Havea,F,Administrator,80714.35,2017-04-22,1972-02-12,12
100000637,Kei Condé,M,Administrator,94959.05,2018-03-04,1972-04-15,13
100000638,Marta Al-Hashemi,F,Administrator,80552.05,2017-04-16,1986-10-13,14
100000639,Fahad Jones,F,Administrator,76327.05,2021-05-02,1975-08-22,15
100000640,Odette Montas,M,Administrator,80266.1,2017-12-24,1972-06-03,16
100000641,Fríða Danso,M,Administrator,80090.58,2017-07-25,1978-01-21,17
100000642,Tudor Irish,M,Administrator,83704.55,2017-11-20,1982-04-09,18
100000643,Pedro Tinorua,F,Administrator,103113.98,2023-01-06,1966-05-23,19
100000644,Nowshin González,M,Administrator,93943.46,2015-08-04,1972-02-09,20
100000645,Walter Phillips,Male,Doctor,283098.3402537916,2022-12-21,1986-04-12,3
100000646,Roger Martinez,Male,Doctor,260922.36840039317,2019-02-15,1975-06-15,16
100000647,Jordan Ward,Female,Doctor,376643.5675540095,2015-07-06,1969-03-11,11
100000648,Larry Martin,Male,Doctor,306485.36264383,2021-03-08,1983-09-27,18
100000649,Thomas Wood,Male,Doctor,295887.7184826304,2016-05-12,1973-03-23,18
100000650,Russell Cruz,Male,Doctor,256546.72822172038,2021-10-04,1988-04-27,20
100000651,Walter Thomas,Male,Doctor,215109.75617879722,2022-12-09,1976-10-12,14
100000652,Ethan Ortiz,Male,Doctor,307536.7783199807,2017-08-03,1977-12-25,6
100000653,Zachary Parker,Male,Doctor,377331.9708617728,2015-03-03,1973-01-21,7
100000654,Timothy Ortiz,Female,Doctor,339739.0425016916,2017-04-19,1973-01-28,19
100000655,William Young,Male,Doctor,277154.89026991243,2017-07-04,1973-06-17,14
100000656,Joe Wilson,Male,Doctor,254070.76190087802,2021-02-26,1966-01-11,12
100000657,Noah Anderson,Female,Doctor,214418.8863341462,2023-10-13,1963-11-26,10
100000658,Harold Castillo,Female,Doctor,348440.9726799731,2015-12-14,1974-07-05,20
100000659,Alexander Chavez,Male,Doctor,258466.21099682702,2018-07-12,1972-03-20,12
100000660,Jerry Martin,Male,Doctor,342723.6445438729,2020-10-15,1977-09-20,5
100000661,Zachary Cook,Female,Doctor,355505.1792929196,2023-09-13,1982-02-06,8
100000662,Harold Cooper,Female,Doctor,287937.6641708895,2022-12-20,1973-03-05,2
100000663,Justin Robinson,Female,Doctor,293860.2814741829,2022-01-12,1969-05-23,18
100000664,David Lee,Male,Doctor,387287.86045017873,2021-12-23,1970-11-27,5
100000665,Paul Ramos,Male,Doctor,245019.41238821764,2019-02-27,1970-08-01,11
100000666,Russell Gomez,Male,Doctor,287175.20513802394,2022-01-15,1985-06-26,12
100000667,Philip Smith,Male,Doctor,370846.81584329123,2023-11-02,1967-08-26,9
100000668,Adam Brown,Male,Doctor,340243.38307943335,2017-01-28,1983-03-26,3
100000669,Stephen Flores,Male,Doctor,329844.76111542655,2023-01-01,1959-07-17,19
100000670,Douglas Reed,Female,Doctor,259587.13095309946,2020-11-09,1966-05-13,10
100000671,Brian Thompson,Female,Doctor,205605.2232652712,2019-03-25,1989-03-25,7
100000672,Christian Young,Male,Doctor,394823.5957709797,2020-05-05,1964-02-21,17
100000673,Russell Hill,Male,Doctor,262614.9995801831,2016-11-28,1974-03-12,1
100000674,Stephen Rogers,Female,Doctor,314700.3430135552,2019-08-18,1959-09-17,17
100000675,Ralph Nelson,Female,Doctor,319286.96139331954,2019-09-11,1973-04-28,20
100000676,Sean Patel,Male,Doctor,237519.75364189513,2018-08-13,1974-04-02,9
100000677,Randy Campbell,Male,Doctor,304627.8542690661,2019-08-14,1981-03-05,14
100000678,Zachary Clark,Female,Doctor,206680.68499120336,2017-11-01,1988-10-03,5
100000679,Elijah Alvarez,Male,Doctor,312870.6317819612,2020-10-22,1984-05-19,1
100000680,Steven Martin,Male,Doctor,256905.74072055798,2016-08-18,1987-06-14,12
100000681,Matthew Richardson,Male,Doctor,305099.2078498638,2020-09-28,1972-04-12,7
100000682,Randy Parker,Male,Doctor,294749.1734926419,2019-12-13,1988-03-13,5
100000683,Carl White,Female,Doctor,388649.10327372456,2019-01-01,1975-06-25,2
100000684,Ryan Sanchez,Male,Doctor,317450.8112969992,2018-12-05,1961-12-18,3
100000685,Jonathan Allen,Female,Doctor,301469.8371420634,2019-05-01,1987-07-15,5
100000686,Brian Ortiz,Female,Doctor,180305.1545027991,2019-10-21,1978-03-02,3
100000687,David Jackson,Male,Doctor,281981.1195673577,2020-06-10,1971-10-25,13
100000688,Raymond Jackson,Female,Doctor,369408.6255640744,2023-05-27,1975-02-12,19
100000689,Peter Kim,Female,Doctor,251220.97974033243,2018-03-06,1985-07-25,5
100000690,Kevin Robinson,Female,Doctor,284081.70186567074,2015-10-09,1966-11-24,17
100000691,Mark Jones,Male,Doctor,319980.46124126576,2015-07-12,1962-03-16,10
100000692,Gregory Flores,Female,Doctor,366900.27913697466,2020-09-14,1959-02-26,2
100000693,Juan Cox,Male,Doctor,331557.73260537133,2021-10-13,1971-06-28,1
100000694,Gregory Mendoza,Female,Doctor,197104.6547557048,2019-12-27,1970-04-16,6
100000695,Adam Sanchez,Male,Doctor,192514.03896807908,2019-10-28,1969-04-22,14
100000696,Tyler Morales,Female,Doctor,254228.04990156286,2016-05-06,1988-10-04,17
100000697,Noah Wood,Female,Doctor,201673.8155309228,2018-08-09,1964-11-19,18
100000698,Harold Long,Female,Doctor,365707.08188176877,2018-11-19,1982-12-28,11
100000699,Frank Jackson,Male,Doctor,353093.7191563126,2020-08-02,1978-10-17,9
100000700,Noah Carter,Male,Doctor,385684.81706450996,2023-08-09,1967-02-16,13
100000701,Peter Cook,Male,Doctor,231649.49336279187,2023-02-03,1965-09-11,12
100000702,Nicholas Roberts,Male,Doctor,366274.2106763356,2019-08-21,1966-03-07,2
100000703,Andrew Flores,Male,Doctor,321464.147151452,2020-01-18,1978-02-13,7
100000704,Bobby Bennett,Female,Doctor,189230.10477781604,2015-08-18,1962-03-07,7
100000705,Roger Miller,Male,Doctor,203829.52464415733,2022-04-09,1960-06-12,2
100000706,Douglas Brooks,Male,Doctor,181615.8854228753,2020-03-13,1971-10-06,6
100000707,Ralph Evans,Female,Doctor,361629.71897654154,2016-11-28,1962-08-02,13
100000708,Patrick Wright,Female,Doctor,374704.97874380206,2021-09-22,1962-12-14,12
100000709,Kevin Sanders,Female,Doctor,276834.28991742,2017-02-24,1970-06-01,8
100000710,Arthur Brooks,Male,Doctor,334095.8355422896,2017-12-15,1960-04-28,1
100000711,Timothy Nelson,Female,Doctor,249727.41792678396,2017-03-23,1963-06-23,13
100000712,Walter Rivera,Male,Doctor,238159.12304676493,2018-12-20,1964-07-04,20
100000713,Christopher Ortiz,Female,Doctor,318285.9866862525,2020-06-24,1986-04-18,6
100000714,Philip Brown,Female,Doctor,193253.83839882218,2023-01-22,1984-10-11,1
100000715,Kyle Jones,Male,Doctor,334643.7160438907,2016-09-27,1960-08-02,7
100000716,Eugene Rivera,Male,Doctor,326474.58602550835,2015-01-26,1976-08-26,20
100000717,Nicholas Kelly,Male,Doctor,319406.1424521998,2023-05-18,1959-11-27,8
100000718,Louis Nguyen,Male,Doctor,251162.76739981148,2021-07-03,1967-04-06,1
100000719,Wayne Bailey,Male,Doctor,216189.0927688702,2023-12-12,1989-03-02,1
100000720,Larry Walker,Male,Doctor,260722.78139408055,2019-03-23,1971-03-15,3
100000721,Juan Morales,Male,Doctor,324348.0252888043,2020-09-21,1969-01-23,18
100000722,Daniel Miller,Male,Doctor,360811.1608352317,2015-08-19,1983-04-19,16
100000723,Alexander Taylor,Female,Doctor,252366.09949785616,2018-03-15,1972-08-22,20
100000724,Kenneth Diaz,Male,Doctor,186224.36882915083,2019-01-02,1988-10-25,1
100000725,Aaron Wilson,Female,Doctor,374167.13367001445,2020-10-26,1976-07-11,7
100000726,Andrew Mitchell,Male,Doctor,199581.2549445022,2020-02-22,1988-08-08,6
100000727,Mark Evans,Female,Doctor,319631.6792638509,2021-09-28,1961-02-18,14
100000728,Benjamin Gomez,Male,Doctor,203953.5342576042,2022-06-12,1968-02-14,8
100000729,Arthur Smith,Male,Doctor,247138.690598722,2021-12-03,1960-12-22,1
100000730,Jeffrey Nguyen,Female,Doctor,185659.62172532422,2023-02-26,1988-02-11,18
100000731,Mark Brooks,Male,Doctor,338038.67747094994,2019-11-08,1959-02-03,2
100000732,Sean Cooper,Male,Doctor,228664.10467451753,2022-06-22,1972-11-06,20
100000733,Randy Hughes,Male,Doctor,381193.30121021136,2021-04-03,1963-07-16,19
100000734,Christian Thompson,Female,Doctor,367069.19439711643,2017-06-26,1982-01-17,4
100000735,Keith Turner,Male,Doctor,384954.8510743397,2016-09-22,1963-09-15,12
100000736,Brian Reyes,Female,Doctor,384429.1048394055,2020-10-02,1961-08-28,4
100000737,Adam Phillips,Female,Doctor,306797.261796035,2019-10-10,1989-02-15,20
100000738,Joe Price,Female,Doctor,186551.59894356248,2018-04-02,1964-06-09,6
100000739,Philip Davis,Male,Doctor,214378.22659068383,2016-01-25,1979-08-07,8
100000740,Joe Turner,Male,Doctor,198806.54548238232,2021-08-08,1963-08-16,16
100000741,Aaron Lopez,Male,Doctor,289024.7665977029,2020-01-04,1961-07-09,12
100000742,Gregory Price,Male,Doctor,283208.2505110601,2023-12-11,1962-01-11,18
100000743,Vincent Brown,Male,Doctor,318986.7037998176,2020-09-05,1986-03-27,14
100000744,Steven Phillips,Female,Doctor,281414.9224069329,2015-06-15,1964-07-14,3
100000745,Richard Price,Male,Doctor,208100.6224978307,2019-09-06,1983-07-04,2
100000746,Eugene Allen,Female,Doctor,264913.10973171715,2017-09-02,1971-05-18,5
100000747,Bryan Rodriguez,Female,Doctor,303210.19369351654,2015-06-18,1982-01-02,12
100000748,Jesse Murphy,Male,Doctor,364122.5689638506,2022-08-15,1978-05-02,9
100000749,Daniel Martinez,Male,Doctor,321440.64730465726,2016-12-15,1963-05-20,12
100000750,Kenneth Ward,Male,Doctor,362015.0922680382,2018-07-09,1971-06-28,10
100000751,Ryan Turner,Female,Doctor,256950.6632527397,2021-05-04,1960-06-28,9
100000752,Nicholas Anderson,Female,Doctor,350475.0462580485,2020-02-10,1967-10-27,20
100000753,Willie Walker,Male,Doctor,259613.37209432598,2022-02-22,1974-03-26,7
100000754,Logan Kelly,Female,Doctor,323194.68023848097,2017-08-03,1966-04-16,11
100000755,Justin King,Male,Doctor,277774.93315609545,2023-12-01,1967-10-14,3
100000756,Ethan Ramos,Female,Doctor,242446.05436115485,2022-02-05,1976-01-26,13
100000757,Steven Reed,Female,Doctor,183137.06846996272,2015-08-22,1989-06-26,7
100000758,Randy Robinson,Female,Doctor,297169.3829142897,2022-11-25,1976-10-04,16
100000759,Eugene James,Male,Doctor,208859.68314014573,2015-05-12,1973-08-01,4
100000760,Nathan Stewart,Female,Doctor,311283.9636374939,2016-02-13,1969-07-11,18
100000761,Keith Parker,Male,Doctor,305319.4368895263,2015-09-27,1984-12-19,17
100000762,Albert Davis,Female,Doctor,301805.8142456636,2021-08-02,1979-10-15,13
100000763,John Alvarez,Male,Doctor,307710.0238459117,2022-11-01,1982-01-20,5
100000764,Daniel Chavez,Male,Doctor,312956.7632095762,2018-08-09,1982-01-14,10
100000765,Logan Martinez,Female,Doctor,370139.2775282458,2016-03-08,1973-03-07,7
100000766,Mason Ramos,Female,Doctor,241907.9648710306,2022-10-27,1983-01-16,15
100000767,Nicholas Lopez,Male,Doctor,260912.47258725046,2019-09-21,1983-04-18,1
100000768,Russell Morales,Male,Doctor,296667.0145706071,2018-03-22,1971-07-07,19
100000769,Keith Green,Male,Doctor,257842.9739979101,2016-02-27,1977-10-03,6
100000770,Jose Chavez,Female,Doctor,238297.561749649,2017-11-22,1976-05-12,6
100000771,Keith Robinson,Male,Doctor,193772.52352042106,2021-02-20,1978-09-21,9
100000772,Scott Cook,Female,Doctor,325952.7740550741,2020-06-22,1985-10-15,1
100000773,Joshua Young,Female,Doctor,376876.47782319493,2015-11-18,1962-01-03,4
100000774,Douglas Taylor,Female,Doctor,268316.88848806254,2015-03-14,1979-03-23,20
100000775,Nathan Diaz,Male,Doctor,252029.7445431123,2018-06-13,1983-11-16,12
100000776,Brandon Miller,Male,Doctor,259098.95416958042,2022-12-17,1960-10-04,7
100000777,Sean Castillo,Female,Doctor,284244.0308184747,2022-07-19,1986-10-13,8
100000778,Ralph Ortiz,Female,Doctor,355049.77352314675,2020-07-20,1988-02-10,12
100000779,Kyle Martin,Male,Doctor,353172.7903576386,2016-12-23,1986-09-17,15
100000780,Daniel Walker,Male,Doctor,205240.24957977212,2018-08-05,1964-08-22,10
100000781,Dylan Jackson,Female,Doctor,301788.25074847095,2017-03-23,1968-12-23,19
100000782,Kevin Allen,Female,Doctor,244805.07050343085,2016-04-05,1970-10-08,17
100000783,Eric Gutierrez,Male,Doctor,342184.4987329108,2018-07-08,1985-09-10,18
100000784,Gabriel Flores,Female,Doctor,185037.49317728082,2016-09-01,1968-10-10,2
100000785,Justin Mitchell,Female,Doctor,340076.9247830907,2018-04-17,1963-07-27,9
100000786,John Gray,Female,Doctor,300794.87236033025,2017-07-12,1969-06-02,4
100000787,John Campbell,Male,Doctor,239422.29646184458,2017-06-10,1978-04-19,11
100000788,Douglas Nelson,Male,Doctor,344533.2667628196,2019-04-09,1981-10-14,7
100000789,Bobby Morris,Male,Doctor,289440.42187878507,2016-11-21,1968-12-04,9
100000790,Vincent Wright,Female,Doctor,285464.0810122809,2016-07-16,1988-05-24,8
100000791,Jacob Bennett,Female,Doctor,247393.42292048692,2020-05-28,1960-01-19,10
100000792,Gabriel Ramos,Male,Doctor,371791.05861990736,2015-10-20,1970-04-18,7
100000793,Vincent Ramos,Female,Doctor,253082.09509798186,2016-09-05,1966-09-15,2
100000794,Alexander White,Male,Doctor,287039.31729466736,2016-01-13,1959-11-06,2
