bid,name,city,address,phone
1,Unity Healthcare - New York,New York,100 Second Street,1-200-5000
2,Unity Healthcare - Los Angeles,Los Angeles,150 Truman Road,1-210-5100
3,Unity Healthcare - Chicago,Chicago,200 Sunset Drive,1-220-5200
4,Unity Healthcare - Houston,Houston,250 Camino Real,1-230-5300
5,Unity Healthcare - Phoenix,Phoenix,300 Chestnut Street,1-240-5400
6,Unity Healthcare - Philadelphia,Philadelphia,350 Royal Street,1-250-5500
7,Unity Healthcare - San Antonio,San Antonio,400 Broad Street,1-260-5600
8,Unity Healthcare - San Diego,San Diego,450 Liberty Street,1-270-5700
9,Unity Healthcare - Dallas,Dallas,500 Spruce Street,1-280-5800
10,Unity Healthcare - San Jose,San Jose,550 Farm Road,1-290-5900
11,Unity Healthcare - Austin,Austin,600 Hillside Avenue,1-300-6000
12,Unity Healthcare - Jacksonville,Jacksonville,650 Elm Street,1-310-6100
13,Unity Healthcare - Fort Worth,Fort Worth,700 North Street,1-320-6200
14,Unity Healthcare - Columbus,Columbus,750 Magnolia Avenue,1-330-6300
15,Unity Healthcare - Indianapolis,Indianapolis,800 Pine Street,1-340-6400
16,Unity Healthcare - Charlotte,Charlotte,850 Franklin Street,1-350-6500
17,Unity Healthcare - Seattle,Seattle,900 Riverside Drive,1-360-6600
18,Unity Healthcare - Denver,Denver,950 Beach Boulevard,1-370-6700
19,Unity Healthcare - Boston,Boston,1000 Alameda Avenue,1-380-6800
20,Unity Healthcare - Portland,Portland,1050 Georgia Street,1-390-6900
