mid,name,unit,is_controlled
1,Lisinopril,mg,0
2,Atorvastatin,mg,0
3,Metformin,mg,0
4,Amlodipine,mg,0
5,Omeprazole,mg,0
6,Losartan,mg,0
7,Albuterol,mcg,0
8,Gabapentin,mg,0
9,Hydrochlorothiazide,mg,0
10,Sertraline,mg,0
11,Levothyroxine,mcg,0
12,Amoxicillin,mg,0
13,Azithromycin,mg,0
14,Prednisone,mg,0
15,Ibuprofen,mg,0
16,Acetaminophen,mg,0
17,Aspirin,mg,0
18,Ciprofloxacin,mg,0
19,Cephalexin,mg,0
20,Doxycycline,mg,0
21,Warfarin,mg,0
22,Clopidogrel,mg,0
23,Pantoprazole,mg,0
24,Montelukast,mg,0
25,Fluticasone,mcg,0
26,Tamsulosin,mg,0
27,Simvastatin,mg,0
28,Escitalopram,mg,0
29,Duloxetine,mg,0
30,Tramadol,mg,1
31,Oxycodone,mg,1
32,Hydrocodone,mg,1
33,Alprazolam,mg,1
34,Lorazepam,mg,1
35,Clonazepam,mg,1
36,Zolpidem,mg,1
37,Methylphenidate,mg,1
38,Adderall,mg,1
39,Codeine,mg,1
40,Morphine,mg,1
