ssn,fullname,gender,phone,dob
200000000,Anita Gray,F,1-836-8030,2018-05-03
200000001,Landon Harvey,M,1-775-8002,2002-12-04
200000002,Ryan Ortega,M,1-840-7385,2022-11-12
200000003,Ralph Dixon,M,1-781-5288,2004-03-01
200000004,Jacob Jacobs,M,1-658-8943,1965-10-10
200000005,Aaron Gibson,M,1-827-6325,1956-04-18
200000006,Austin Simmons,M,1-962-8043,1975-10-14
200000007,Melissa Robinson,F,1-322-4805,1980-11-04
200000008,Esther Hansen,F,1-534-9600,2006-08-25
200000009,Everett Taylor,M,1-895-4767,1964-07-24
200000010,Madelyn Olson,F,1-586-1722,2007-10-19
200000011,Helen Kim,F,1-703-1648,2000-09-13
200000012,Irene Wright,F,1-625-7595,2014-01-14
200000013,Jonathan Gilbert,M,1-798-5302,2007-02-21
200000014,Albert Willis,M,1-486-8559,1955-04-09
200000015,Ann Mills,F,1-337-8629,2005-08-27
200000016,Wesley Cole,M,1-994-1988,1982-07-17
200000017,Patrick Reed,M,1-452-7992,1951-09-16
200000018,Avery Stewart,F,1-624-9328,1998-05-18
200000019,Hazel Thomas,F,1-615-3145,2005-11-22
200000020,Sebastian Medina,M,1-439-4731,1973-01-23
200000021,Bentley Sutton,M,1-579-8355,1983-04-02
200000022,Gage Ramos,M,1-687-7659,1973-02-21
200000023,Jean Anderson,F,1-887-7094,1940-07-11
200000024,Frances Gutierrez,F,1-652-8136,2014-01-06
200000025,Willow Cox,F,1-491-1161,1995-04-02
200000026,Denise Rivera,F,1-896-5458,1999-04-13
200000027,Betty Reid,F,1-445-3287,1935-11-17
200000028,Martha Ross,F,1-407-4091,1944-05-07
200000029,Harold Bishop,M,1-873-8839,1968-02-22
200000030,Griffin Guzman,M,1-326-6729,1990-04-25
200000031,Molly Harrison,F,1-750-3861,1946-08-11
200000032,Anthony Owens,M,1-638-2310,1945-04-28
200000033,Scarlett Vega,F,1-956-9191,2023-02-16
200000034,Christopher Baker,M,1-945-4137,1966-12-08
200000035,Ronald Sanchez,M,1-460-1224,2000-02-02
200000036,Daniel Clark,M,1-507-6193,2009-08-09
200000037,Rhonda Vargas,F,1-489-9357,1957-11-01
200000038,Bailey Nguyen,F,1-713-7966,1952-10-27
200000039,Madeline Myers,F,1-608-3467,1965-02-10
200000040,Wendy Torres,F,1-509-7621,1971-12-16
200000041,Bethany Vasquez,F,1-712-5150,1998-06-15
200000042,Nolan Mendez,M,1-418-7932,1986-03-18
200000043,Phyllis Boyd,F,1-800-6211,1952-05-28
200000044,Katelyn Mitchell,F,1-465-8046,1949-05-19
200000045,Cynthia Fox,F,1-779-2341,1987-02-14
200000046,Silas Williamson,M,1-887-1243,1981-01-12
200000047,Jace Parsons,M,1-429-9676,1996-09-05
200000048,Jessica Simpson,F,1-737-7949,2011-05-23
200000049,Keith Griffin,M,1-437-9264,1942-01-02
200000050,Elijah Cunningham,M,1-313-8096,2005-12-09
200000051,Leilani Smith,F,1-536-7595,1961-03-27
200000052,Ethan Wood,M,1-514-5269,1978-08-26
200000053,Lisa Richardson,F,1-424-4958,2007-03-05
200000054,Ruby Jones,F,1-403-5994,1981-09-12
200000055,Jordan Robertson,M,1-685-5034,2008-09-18
200000056,Vanessa Matthews,F,1-963-7400,1935-06-05
200000057,Eric Harper,M,1-775-2069,2010-07-03
200000058,Cooper Morgan,M,1-941-9679,1993-05-09
200000059,Brayden Rios,M,1-751-3956,1996-07-05
200000060,Michelle George,F,1-449-5239,1973-10-18
200000061,Oscar Salazar,M,1-648-7594,1945-01-10
200000062,Brandon Wong,M,1-830-1175,1961-12-17
200000063,Andrea Perez,F,1-723-1302,1976-02-08
200000064,Violet Graham,F,1-914-7066,1979-08-28
200000065,Adalynn Diaz,F,1-782-4160,1989-08-13
200000066,Norma Andrews,F,1-792-9678,1960-10-05
200000067,Sean Franklin,M,1-950-7050,1943-11-06
200000068,Kathryn King,F,1-974-4743,1994-03-28
200000069,Owen Guerrero,M,1-796-3913,1991-06-25
200000070,Bella Perkins,F,1-820-4001,1940-10-22
200000071,Juan Carr,M,1-514-8661,1988-03-20
200000072,Victoria Rose,F,1-345-5131,1944-03-19
200000073,Luke Shaw,M,1-489-7436,2021-07-11
200000074,Kenneth Hunter,M,1-773-6134,2019-03-03
200000075,Raymond Long,M,1-697-9674,1941-07-16
200000076,Ryker Watson,M,1-431-6285,1949-05-22
200000077,Alexander Alexander,M,1-545-5472,1958-05-23
200000078,Dorothy Li,F,1-560-5317,1964-08-21
200000079,Randy Castro,M,1-937-3563,2009-03-06
200000080,Elena Ruiz,F,1-865-4717,1994-07-08
200000081,Roger Snyder,M,1-799-4850,1950-01-28
200000082,Russell Pena,M,1-365-5310,1996-07-05
200000083,Connor Estrada,M,1-496-4641,1936-05-27
200000084,Caleb Lawson,M,1-668-5250,2008-01-12
200000085,Diana Holmes,F,1-332-8091,2007-08-11
200000086,River Wilson,M,1-461-6511,1958-12-17
200000087,Levi Foster,M,1-760-8624,1975-08-28
200000088,Amanda Murray,F,1-517-5885,2011-01-09
200000089,Danielle Martinez,F,1-399-6008,1968-03-25
200000090,John Knight,M,1-590-6198,2020-11-10
200000091,Brenda Johnston,F,1-765-4447,1940-08-10
200000092,George McCoy,M,1-749-4728,1954-01-03
200000093,Jack Powell,M,1-808-8847,1937-08-03
200000094,Sheryl James,F,1-970-2669,1936-06-24
200000095,Addison Payne,F,1-822-7915,1995-06-27
200000096,Jacqueline Meyer,F,1-836-4183,1947-07-17
200000097,William Austin,M,1-910-1848,1947-07-04
200000098,Nora Marshall,F,1-661-7752,1990-06-07
200000099,Annie Kelley,F,1-546-9226,1940-10-12
200000100,Eli Young,M,1-549-3724,1988-07-02
200000101,Sydney Hale,F,1-302-4652,1981-06-17
200000102,Colton Collins,M,1-721-6906,1963-12-22
200000103,Sandra Dunn,F,1-623-9397,1952-05-06
200000104,Mary Watkins,F,1-646-6701,1986-04-05
200000105,Joshua Garcia,M,1-334-7084,1938-08-16
200000106,Damian Soto,M,1-601-2850,2021-05-11
200000107,Ashley Kennedy,F,1-842-7809,1973-11-28
200000108,Ivy Hicks,F,1-335-9281,1989-06-26
200000109,Alan Bennett,M,1-642-8909,1952-08-28
200000110,Alexis Herrera,F,1-446-1170,1983-08-14
200000111,Rachel Morris,F,1-478-1695,1964-08-22
200000112,Isabelle Dean,F,1-358-9655,1996-02-14
200000113,Rowan Nichols,M,1-878-1098,1935-02-05
200000114,Stella Freeman,F,1-847-8346,2021-02-17
200000115,Steven Bryant,M,1-829-9719,1940-05-25
200000116,Louise Cooper,F,1-380-6329,1975-08-13
200000117,Eva Martin,F,1-541-4054,1950-02-12
200000118,Arianna Hall,F,1-939-5258,1938-09-13
200000119,Paul Chapman,M,1-984-9092,1956-10-09
200000120,Layla Sanders,F,1-612-9777,1980-08-07
200000121,Liam Cook,M,1-815-5720,1962-02-04
200000122,David Bradley,M,1-696-8519,2004-11-12
200000123,Cassandra Phillips,F,1-592-8275,1957-02-19
200000124,Oliver Carroll,M,1-525-4251,1949-04-26
200000125,Lillian Ellis,F,1-430-6124,1949-06-05
200000126,Joyce Le,F,1-878-4614,1991-11-13
200000127,Jennifer Murphy,F,1-753-2491,1976-07-08
200000128,Thomas Hanson,M,1-825-8508,2002-09-12
200000129,Maverick Flores,M,1-921-5492,1942-03-02
200000130,Nathan Adams,M,1-318-3999,1967-08-23
200000131,Lincoln Peterson,M,1-922-2646,2014-07-23
200000132,Douglas Larson,M,1-762-9396,1967-09-25
200000133,Vivian Jimenez,F,1-713-5115,1934-02-28
200000134,Mariah Sullivan,F,1-588-3517,1934-09-19
200000135,Jude Wells,M,1-348-5738,1941-06-13
200000136,Calvin Stevens,M,1-810-5678,1973-07-04
200000137,Jesse Silva,M,1-873-8815,2004-11-07
200000138,Timothy Hart,M,1-893-9633,2023-10-11
200000139,Diane Castillo,F,1-700-6537,2024-11-20
200000140,Jose Howard,M,1-482-6857,1999-12-15
200000141,Peter Sandoval,M,1-419-6555,1980-11-27
200000142,Tiffany Miller,F,1-770-7183,1944-03-17
200000143,Adrian Moore,M,1-983-2955,1959-12-28
200000144,Jerry Hill,M,1-969-5100,2016-09-28
200000145,Brooklyn Goodwin,F,1-916-7521,2006-11-18
200000146,Florence Santos,F,1-450-9542,1942-08-12
200000147,Easton Chen,M,1-756-5792,1969-04-07
200000148,Eliana Wallace,F,1-847-1934,1938-07-10
200000149,Lucas Davis,M,1-325-2214,1944-02-13
200000150,Amber Daniels,F,1-315-4215,1948-04-04
200000151,Samuel Patterson,M,1-376-7086,1940-06-04
200000152,Harper Allen,F,1-491-8025,1944-07-18
200000153,Dawn Henry,F,1-308-1229,1944-08-19
200000154,Georgia Hoffman,F,1-686-8803,2012-06-21
200000155,Stephanie Chambers,F,1-621-7909,2022-10-22
200000156,Logan Gonzalez,M,1-731-5665,1938-05-22
200000157,Grace Walsh,F,1-566-2776,1949-09-14
200000158,Alexa Jordan,F,1-442-6180,2023-05-07
200000159,Lucille Santiago,F,1-552-6999,1971-11-04
200000160,Mateo Berry,M,1-861-4387,1945-05-10
200000161,Brittany Schmidt,F,1-497-8565,1972-03-03
200000162,Laura Morales,F,1-453-1917,1992-08-02
200000163,Jackson Nunez,M,1-743-9346,1955-11-12
200000164,Whitney Carter,F,1-335-3534,1974-07-22
200000165,Benjamin Romero,M,1-808-8345,1954-05-26
200000166,Carson Lynch,M,1-897-5198,2003-12-04
200000167,Cindy Henderson,F,1-920-7684,1985-01-23
200000168,Maxwell Barnes,M,1-504-8894,1980-03-04
200000169,Mason Sims,M,1-431-9859,1973-07-03
200000170,Declan Scott,M,1-319-2361,2013-06-16
200000171,Bryson Nelson,M,1-874-1237,1938-06-07
200000172,Alicia Fernandez,F,1-857-9276,2007-01-20
200000173,Sofia Kelly,F,1-564-7561,1959-11-10
200000174,Angela Hernandez,F,1-902-4843,1943-05-02
200000175,Bradley Russell,M,1-778-6882,1992-12-02
200000176,Preston Edwards,M,1-674-3654,2013-01-09
200000177,Gary Armstrong,M,1-394-2802,1944-01-06
200000178,Natalie Brooks,F,1-626-4154,1965-07-17
200000179,Holly Ramirez,F,1-986-5510,1937-03-07
200000180,Marie Lewis,F,1-565-9485,1949-10-27
200000181,Nicholas Peters,M,1-310-1605,1940-10-24
200000182,Summer Contreras,F,1-969-9182,1958-03-14
200000183,Jonah Hunt,M,1-467-5286,2011-05-25
200000184,Parker Rodriguez,M,1-678-1732,1991-02-13
200000185,Hugo Hamilton,M,1-353-3295,1935-02-27
200000186,Gertrude Alvarez,F,1-400-8914,1989-06-11
200000187,Chelsea Newman,F,1-816-4269,1991-08-23
200000188,Gavin Roberts,M,1-389-4805,2004-08-26
200000189,Kelsey McDonald,F,1-667-1022,2022-06-06
200000190,Cole Patel,M,1-629-4010,1969-09-17
200000191,Ashton Ortiz,M,1-770-4654,1967-03-19
200000192,Harrison Gonzales,M,1-775-9132,1956-02-26
200000193,Bonnie Webb,F,1-333-9302,1982-09-25
200000194,Jasmine Greene,F,1-727-4481,1998-02-06
200000195,Emma Reyes,F,1-924-2958,1972-05-06
200000196,Theodore Price,M,1-612-6212,1998-02-28
200000197,Ezekiel Jensen,M,1-672-8446,1990-10-05
200000198,Dylan Ward,M,1-606-1786,1940-01-08
200000199,Hazel Lane,F,1-302-7099,2017-06-13
200000200,James Parker,M,1-969-9580,1948-10-21
200000201,Elliott Mendoza,M,1-929-7661,1942-10-27
200000202,Miles Vazquez,M,1-516-7885,1973-09-18
200000203,Henry Jenkins,M,1-668-5010,1944-08-12
200000204,Elizabeth Coleman,F,1-832-5177,2014-01-09
200000205,Beverly Maldonado,F,1-743-3223,2002-12-07
200000206,Carter Spencer,M,1-788-8474,2013-02-25
200000207,Chloe Figueroa,F,1-848-4746,2004-07-24
200000208,Michael Hughes,M,1-332-8008,2021-08-25
200000209,Lawrence Burke,M,1-567-5744,1944-12-02
200000210,Ian Palmer,M,1-547-1324,2009-04-16
200000211,Kingston Duncan,M,1-369-4111,2002-09-17
200000212,Claire Crawford,F,1-613-6198,2003-04-28
200000213,Juanita Lawrence,F,1-302-9160,1973-11-18
200000214,Eleanor Chavez,F,1-303-7287,1977-06-07
200000215,Jocelyn Bailey,F,1-401-9379,1973-05-15
200000216,Doreen Manning,F,1-655-1331,1945-11-01
200000217,Kyle Richards,M,1-430-7727,2014-07-13
200000218,Lucy Elliott,F,1-345-8972,1939-02-08
200000219,Frank Burns,M,1-703-7368,2010-02-27
200000220,Wyatt Montgomery,M,1-464-9588,2008-09-11
200000221,Dennis Porter,M,1-735-5299,1975-05-12
200000222,Destiny Wheeler,F,1-597-3900,1977-06-18
200000223,Richard Romero,M,1-551-5992,1987-02-27
200000224,Lincoln Reynolds,M,1-652-6133,1940-02-14
200000225,Becky Hudson,F,1-837-1869,1942-02-28
200000226,Jaxon Campbell,M,1-693-4092,1991-12-13
200000227,Milo Butler,M,1-428-4496,2010-08-21
200000228,Valentina Morrison,F,1-382-9178,1994-07-21
200000229,Tyler Lopez,M,1-494-2127,1954-08-25
200000230,Asher Perry,M,1-311-7296,2012-05-27
200000231,Larry Moreno,M,1-612-3894,1937-05-27
200000232,Stephen Black,M,1-505-8414,1971-04-16
200000233,Savannah Gordon,F,1-797-2577,1971-08-04
200000234,Johnny Ferguson,M,1-766-9575,2007-04-22
200000235,Joseph Woods,M,1-354-1175,1981-04-06
200000236,Kristin Valdez,F,1-463-3303,1975-01-02
200000237,Emery Weaver,F,1-683-9035,2003-12-11
200000238,Terry Singh,M,1-589-4439,2006-09-16
200000239,Noah Ryan,M,1-734-2077,2000-06-20
200000240,Catherine Rogers,F,1-572-3092,2017-12-07
200000241,Adam Zimmerman,M,1-481-5080,1938-02-02
200000242,Bruce Lee,M,1-473-9827,2011-12-06
200000243,Nina Cruz,F,1-795-1881,1953-10-28
200000244,Bobby Dominguez,M,1-706-7697,2009-04-24
200000245,Jeremy Riley,M,1-764-1919,1981-08-13
200000246,Max Turner,M,1-759-2324,1974-01-15
200000247,Jade Aguilar,F,1-801-3271,1978-10-18
200000248,Laurie Warren,F,1-551-2917,2000-12-18
200000249,Louis Espinoza,M,1-640-2491,2009-08-05
200000250,Roy Fisher,M,1-932-9924,1942-01-08
200000251,Ezra Green,M,1-383-9553,1957-04-07
200000252,Spencer O'Brien,M,1-906-6535,1978-09-28
200000253,Tina Harris,F,1-411-1587,1972-10-12
200000254,Skylar Carpenter,F,1-809-7569,1944-01-28
200000255,Bennett Evans,M,1-592-2242,1984-08-14
200000256,Evelyn Gardner,F,1-724-8265,2019-07-19
200000257,Hudson Tucker,M,1-551-3941,1937-12-17
200000258,Victor Jackson,M,1-854-3251,2024-11-24
200000259,Naomi Washington,F,1-368-3321,2011-04-22
200000260,Marilyn Bell,F,1-660-9278,1962-04-05
200000261,Tucker Pierce,M,1-569-3498,1960-08-13
200000262,Hayden Mason,M,1-452-6076,1994-12-11
200000263,Makayla Munoz,F,1-475-2619,1990-01-14
200000264,Beckett Arnold,M,1-954-9612,2004-03-23
200000265,Andrew Grant,M,1-957-1652,1974-12-28
200000266,Joe Hernandes,M,1-773-1060,1987-12-10
200000267,Willie Jacobs,M,1-731-9621,1972-04-05
200000268,Kathleen Williams,F,1-679-2529,2014-04-11
200000269,Margaret Ford,F,1-837-5362,1950-05-13
200000270,Caroline Tran,F,1-336-7617,1954-11-16
200000271,Quinn White,F,1-918-2411,2007-08-24
200000272,Theo Delgado,M,1-903-7675,1980-08-22
200000273,Billy Garza,M,1-502-2525,2002-06-26
200000274,Dean Stephens,M,1-507-2675,1972-10-06
200000275,Isaac Wagner,M,1-752-1173,1964-05-15
200000276,Amy Gomez,F,1-727-6399,1965-03-09
200000277,Emmett Thompson,M,1-739-8469,1935-04-17
200000278,Ryder Oliver,M,1-839-7770,1951-01-21
200000279,Josiah Brown,M,1-471-6235,2012-03-15
200000280,Aiden French,M,1-920-8333,2022-08-02
200000281,Jason Johnson,M,1-813-7293,2015-03-10
200000282,April Stone,F,1-600-2498,2013-03-20
200000283,Shannon Rice,F,1-651-8425,1947-11-24
200000284,Alexandra Hawkins,F,1-463-3190,1952-04-11
200000285,Nancy Ray,F,1-576-5341,2002-01-05
200000286,Zachary Alvarado,M,1-856-2387,1959-02-06
200000287,Kennedy Hayes,F,1-310-8980,1999-02-19
200000288,Oliver Walker,M,1-755-8069,1943-05-06
200000289,Sawyer West,M,1-803-8262,2016-04-27
200000290,Matthew Howell,M,1-885-4829,1959-07-22
200000291,Josephine Carlson,F,1-391-9450,1936-01-28
200000292,Gianna Stone,F,1-441-7775,2022-02-01
200000293,Kaiden Hawkins,M,1-340-5779,1945-01-25
200000294,Dana Harvey,F,1-623-9466,2001-05-23
200000295,Taylor Morrison,F,1-610-3931,1962-11-28
200000296,Jasper Martinez,M,1-782-8248,1960-09-02
200000297,Arthur Vasquez,M,1-366-5405,1979-07-07
200000298,Bryan Castillo,M,1-594-8550,1958-02-07
200000299,Veronica Tucker,F,1-365-1823,1951-04-02
200000300,Donald Griffin,M,1-420-9727,2005-01-18
200000301,Cameron Martin,M,1-470-1684,2011-04-11
200000302,Gloria Gray,F,1-928-7769,1978-11-27
200000303,Maddox Young,M,1-373-6893,1947-12-16
200000304,Elaine Mitchell,F,1-857-5667,1994-01-19
200000305,Alyssa Gilbert,F,1-624-1642,1955-06-14
200000306,Cassie Jacobs,F,1-846-3049,1946-06-01
200000307,Gerald Nguyen,M,1-425-7236,1976-09-09
200000308,Serenity Bailey,F,1-800-8458,1939-11-06
200000309,Evan Chen,M,1-665-7721,1969-10-06
200000310,Maria Berry,F,1-550-3658,1982-12-17
200000311,Brian Manning,M,1-474-7544,1963-03-01
200000312,Edna Silva,F,1-442-7754,1979-10-11
200000313,Christina French,F,1-405-6044,1956-02-26
200000314,Mark Hicks,M,1-645-1929,1986-11-08
200000315,Pamela Willis,F,1-747-9949,1954-05-20
200000316,Sarah Olson,F,1-753-9079,1989-12-18
200000317,Debra Greene,F,1-453-2512,1936-12-11
200000318,Kaden Mills,M,1-703-7254,2011-07-12
200000319,Dominic Hernandez,M,1-324-3517,1968-07-01
200000320,Trinity Alvarado,F,1-907-2817,1943-10-25
200000321,Valerie Alexander,F,1-966-5053,1984-07-09
200000322,Greyson Spencer,M,1-348-3001,1969-06-17
200000323,Judith Ramirez,F,1-768-3205,2016-10-19
200000324,Grayson Ortiz,M,1-671-9900,1961-06-09
200000325,Charlotte Woods,F,1-517-6181,1981-04-16
200000326,Leo Cruz,M,1-322-9871,1985-03-01
200000327,Megan Kelley,F,1-410-7173,2003-09-28
200000328,Nicole Gonzalez,F,1-628-3860,2017-07-01
200000329,Walter Webb,M,1-460-5033,1944-12-14
200000330,Weston Goodwin,M,1-437-2572,1989-10-02
200000331,Luna Kelly,F,1-513-2140,1985-02-11
200000332,Maya James,F,1-334-3187,1938-07-04
200000333,Brandy Bishop,F,1-650-6692,1949-10-02
200000334,Deborah Hudson,F,1-322-8148,2022-02-05
200000335,Roman Owens,M,1-808-1153,1953-12-19
200000336,Justin Carroll,M,1-985-4062,1992-08-20
200000337,Rosa Sutton,F,1-698-3825,2001-05-21
200000338,Bernice Washington,F,1-934-5489,1938-08-08
200000339,Gabriel Green,M,1-432-1645,2009-06-05
200000340,Rose Maldonado,F,1-926-4243,1975-02-01
200000341,Brody Jimenez,M,1-946-3875,1998-04-08
200000342,Janet Rose,F,1-666-6560,1941-05-17
200000343,Alice Mason,F,1-667-6210,2006-09-20
200000344,Brittney Johnston,F,1-760-7244,1984-12-17
200000345,Kevin Robinson,M,1-978-3632,1968-06-13
200000346,Piper Coleman,F,1-944-2956,1941-10-06
200000347,Ella Reyes,F,1-445-1555,2001-04-01
200000348,Kayla Chavez,F,1-684-3674,1987-07-02
200000349,Meredith Sims,F,1-349-2043,1957-04-23
200000350,Julia George,F,1-447-9328,1956-08-14
200000351,Vincent Cox,M,1-795-6594,1955-01-04
200000352,Faith Andrews,F,1-873-1983,1997-01-01
200000353,Ruth Wilson,F,1-927-8815,1959-05-14
200000354,Hunter Lynch,M,1-729-9962,1941-04-19
200000355,Edward Reid,M,1-395-9950,1969-03-22
200000356,Mackenzie Peterson,F,1-696-9693,1948-10-24
200000357,Tristan Cunningham,M,1-521-6044,1949-05-26
200000358,Chase Stephens,M,1-755-9098,2002-09-01
200000359,Christian Watson,M,1-733-8606,1975-12-15
200000360,Micah Chapman,M,1-894-7312,2017-06-22
200000361,Paula Walsh,F,1-652-1432,2011-01-25
200000362,Isabella Howard,F,1-481-7915,1976-12-20
200000363,Robert Scott,M,1-614-3996,1941-01-23
200000364,Jamie Li,F,1-538-7357,2006-06-02
200000365,Jeffrey Graham,M,1-470-2959,2007-02-10
200000366,Connie Wagner,F,1-463-2364,2006-03-26
200000367,Eugene Chambers,M,1-594-2241,1997-07-24
200000368,Scott Long,M,1-523-9646,2001-08-01
200000369,Jayden Nichols,M,1-502-6474,2001-01-14
200000370,Philip Vargas,M,1-806-3994,1940-11-13
200000371,Charles Lopez,M,1-848-7272,1973-12-01
200000372,Gregory Perry,M,1-747-4804,1998-03-09
200000373,Donna Wright,F,1-450-3200,1947-12-17
200000374,Carl Pena,M,1-361-9674,1944-07-15
200000375,Tara Lewis,F,1-904-8538,1956-06-26
200000376,Marcus Hernandes,M,1-982-4993,1993-04-20
200000377,Axel Franklin,M,1-549-9879,1971-08-04
200000378,Hailey Payne,F,1-351-8295,1991-11-19
200000379,Felix Bennett,M,1-810-1589,1976-08-28
200000380,Wayne Santos,M,1-640-1847,1952-08-13
200000381,Blake Bryant,M,1-577-4761,1948-12-10
200000382,Wesley Walker,M,1-587-4855,2016-10-07
200000383,Xavier Carpenter,M,1-729-4529,1962-08-02
200000384,Lauren Peters,F,1-426-9886,1996-04-01
200000385,Dylan Rodriguez,M,1-497-4144,1936-10-20
200000386,Carson Morgan,M,1-945-7770,1992-12-23
200000387,Carolyn Foster,F,1-685-3819,2014-08-14
200000388,Jacob Daniels,M,1-926-5812,2009-08-05
200000389,Douglas Henry,M,1-720-1804,2006-02-02
200000390,Jeremy Oliver,M,1-306-2299,2022-11-26
200000391,Roman Pierce,M,1-492-4135,1981-02-03
200000392,James Gardner,M,1-917-8887,1941-05-08
200000393,Pauline Hoffman,F,1-814-2989,2021-10-06
200000394,Reagan Rios,F,1-511-1215,1934-07-19
200000395,Samantha Wells,F,1-683-5661,2003-04-27
200000396,Judy Dean,F,1-707-8658,2018-01-23
200000397,Erin Parsons,F,1-417-8541,1967-03-05
200000398,Donald Ruiz,M,1-558-4203,1980-11-05
200000399,Theo Jordan,M,1-925-6377,1980-03-07
200000400,Paul Allen,M,1-845-2834,2019-11-01
200000401,Kristen Russell,F,1-762-9235,2011-04-15
200000402,Andrew Evans,M,1-613-1769,2005-05-06
200000403,Miles Rice,M,1-961-4775,1936-12-21
200000404,Chase White,M,1-528-1287,1979-02-16
200000405,Xavier Collins,M,1-310-1043,1951-12-21
200000406,Aria Gomez,F,1-549-4426,2008-03-07
200000407,Silas Wallace,M,1-874-2840,1994-10-17
200000408,Morgan Mendez,F,1-382-6216,2024-02-23
200000409,Josephine Sandoval,F,1-345-7061,1955-07-15
200000410,Bennett Smith,M,1-455-9387,1983-02-05
200000411,Katie Austin,F,1-722-1245,2006-09-28
200000412,Ethan Duncan,M,1-833-7203,2000-05-20
200000413,Mildred Schmidt,F,1-542-6063,2017-04-15
200000414,Kaitlyn Phillips,F,1-700-2544,1979-12-22
200000415,Audrey Lawrence,F,1-779-5838,2002-12-05
200000416,Mateo Campbell,M,1-831-3438,2016-04-17
200000417,Bobby Thompson,M,1-803-2352,1961-02-28
200000418,Susan Thomas,F,1-610-9470,1985-08-27
200000419,Vincent Moore,M,1-982-5015,2000-03-18
200000420,Anna Medina,F,1-459-4917,1993-11-17
200000421,Ellen Price,F,1-360-3924,1939-02-23
200000422,Katherine Johnson,F,1-467-2741,1975-08-03
200000423,Lily Ford,F,1-685-1052,1967-06-22
200000424,Everly Wong,F,1-496-5140,2012-04-12
200000425,Justin Jones,M,1-938-8958,2001-02-25
200000426,Patricia Harris,F,1-887-8271,2013-04-16
200000427,Paisley Stevens,F,1-862-4331,1958-05-23
200000428,Lori Salazar,F,1-418-1583,1983-01-12
200000429,William Aguilar,M,1-602-8159,1971-06-10
200000430,Nolan Castro,M,1-682-7705,1960-06-28
200000431,Thelma Baker,F,1-904-5944,1940-06-11
200000432,Alice Meyer,F,1-332-2833,1964-06-23
200000433,Kinsley Hunt,F,1-779-2073,1934-08-09
200000434,Teresa West,F,1-632-1808,1959-04-19
200000435,Harold Myers,M,1-882-4438,1940-06-07
200000436,Levi Jensen,M,1-896-7176,2004-01-27
200000437,Delilah Rogers,F,1-515-4126,2016-02-03
200000438,Jill Perez,F,1-735-9682,1956-09-14
200000439,Joan Delgado,F,1-997-6393,2003-08-11
200000440,Wyatt Ferguson,M,1-639-8064,2005-08-09
200000441,Karen Jenkins,F,1-493-5393,1946-02-27
200000442,Jace Figueroa,M,1-591-9378,1981-02-19
200000443,Maddox Estrada,M,1-694-4754,2019-06-20
200000444,Janice Hughes,F,1-653-8575,1969-08-14
200000445,Alexander Miller,M,1-706-5317,2007-01-08
200000446,Elliott Patel,M,1-706-4313,1955-09-20
200000447,Adam Howell,M,1-813-8594,1948-01-20
200000448,Ariana Burns,F,1-711-2100,2021-08-17
200000449,Thomas Tran,M,1-435-5888,1982-05-21
200000450,Robert Harrison,M,1-581-3622,1988-07-26
200000451,Rebecca Armstrong,F,1-407-2895,2020-04-03
200000452,Kaden Romero,M,1-900-7843,1934-07-08
200000453,Christine Davis,F,1-727-4017,1960-01-25
200000454,Julie Roberts,F,1-792-5415,1948-06-14
200000455,Zachary Ryan,M,1-636-5451,1955-01-21
200000456,Autumn Hansen,F,1-707-2312,1959-11-12
200000457,Liam Morris,M,1-960-6428,1997-04-17
200000458,Shirley Hayes,F,1-958-6348,1943-10-11
200000459,Jenna Reynolds,F,1-336-4572,1970-07-02
200000460,Oliver Singh,M,1-639-7641,1999-02-09
200000461,Carol Barnes,F,1-737-1178,1946-11-24
200000462,Mia Mendoza,F,1-749-5627,1999-05-24
200000463,Lois Vega,F,1-609-8387,1935-02-14
200000464,Joseph Bell,M,1-531-7827,1991-05-21
200000465,Virginia Hall,F,1-889-4721,1963-03-17
200000466,Emma Riley,F,1-390-2506,2007-10-28
200000467,Zoe Holmes,F,1-966-9320,1948-03-23
200000468,Albert Sanders,M,1-856-3539,1939-02-24
200000469,Keith Dunn,M,1-674-7709,1940-03-05
200000470,Grayson Powell,M,1-918-2063,1949-10-08
200000471,Billy Cook,M,1-445-5295,1951-03-18
200000472,Damian Robertson,M,1-738-4961,1982-12-21
200000473,Ezekiel Arnold,M,1-937-8598,1984-04-18
200000474,Isaac Contreras,M,1-385-7757,1988-05-11
200000475,Axel Ross,M,1-643-6742,2009-04-18
200000476,Cole Guerrero,M,1-616-9876,2008-12-05
200000477,Jason Le,M,1-321-1788,1947-07-15
200000478,Peggy Flores,F,1-609-8108,1978-05-04
200000479,Peyton Zimmerman,F,1-843-1254,1973-09-25
200000480,Gail Larson,F,1-620-5379,2005-07-27
200000481,Ezra Gibson,M,1-720-7230,1999-08-25
200000482,Penelope Kennedy,F,1-532-1165,1963-08-09
200000483,Riley Richards,F,1-750-5942,1954-11-26
200000484,Aurora Sanchez,F,1-899-3448,1972-02-22
200000485,Stephen Black,M,1-522-2385,1972-01-22
200000486,Lynn Parker,F,1-711-9563,2004-07-11
200000487,Ryder Hart,M,1-347-1945,1951-02-13
200000488,Kylie Williamson,F,1-840-8684,2001-07-24
200000489,Gregory Porter,M,1-616-4851,1972-06-22
200000490,Sebastian Ray,M,1-660-1314,1989-11-11
200000491,Mark Cooper,M,1-343-4686,1968-09-01
200000492,Landon Crawford,M,1-339-7166,1997-02-03
200000493,Jude Torres,M,1-679-7293,2009-08-20
200000494,Hunter Alvarez,M,1-741-6005,2000-10-10
200000495,Geraldine Garcia,F,1-436-1226,1997-11-07
200000496,Olivia Ramos,F,1-707-3391,1954-05-03
200000497,Leslie Hanson,F,1-487-3697,1944-02-25
200000498,Sara Gonzales,F,1-952-4396,1989-01-03
200000499,Russell Diaz,M,1-512-5487,2008-04-12
200000500,Rowan Dixon,M,1-713-1605,2006-07-25
200000501,Natalia Garza,F,1-588-4804,2011-10-10
200000502,Ellie Richardson,F,1-876-2689,1957-10-20
200000503,Allison Hamilton,F,1-967-3533,1977-07-20
200000504,Jesse Morales,M,1-359-6394,1939-12-02
200000505,Oliver Wheeler,M,1-469-4380,1977-03-10
200000506,Courtney Williams,F,1-793-4781,2006-11-24
200000507,Paige Murphy,F,1-833-6536,1969-09-18
200000508,Christian Fox,M,1-393-5618,2017-02-19
200000509,Walter Jackson,M,1-401-9210,1974-11-07
200000510,Carl Carr,M,1-448-9047,1996-12-15
200000511,Theresa Kim,F,1-520-9011,1954-08-04
200000512,Regina Gutierrez,F,1-906-7226,1964-06-27
200000513,Hannah Burke,F,1-959-4782,1994-07-16
200000514,Lawrence Warren,M,1-422-3930,1954-04-01
200000515,Gabriella Adams,F,1-402-3047,1995-02-24
200000516,Joanne Perkins,F,1-854-4116,1973-06-19
200000517,Josiah Patterson,M,1-722-3998,1993-02-17
200000518,David Butler,M,1-795-2111,1997-11-25
200000519,Ava Guzman,F,1-308-8190,1970-12-11
200000520,Austin Ward,M,1-548-8961,1968-03-12
200000521,Emilia Carter,F,1-995-1133,2020-12-26
200000522,Linda Weaver,F,1-945-6522,1947-02-14
200000523,Tammy Brown,F,1-606-3637,1934-02-07
200000524,Stacy Lee,F,1-549-5469,2012-03-15
200000525,Lydia Gordon,F,1-492-8588,1936-09-07
200000526,Victor King,M,1-742-9923,1990-04-11
200000527,Cooper Wood,M,1-424-2245,1960-05-19
200000528,Doris Knight,F,1-791-1105,1978-10-21
200000529,Dean Lawson,M,1-966-4518,1964-05-23
200000530,Melanie Hunter,F,1-828-3638,1953-06-02
200000531,Everett Romero,M,1-466-4491,2009-10-18
200000532,Rita Espinoza,F,1-681-6222,1976-06-05
200000533,Frank Hale,M,1-607-2972,1938-04-06
200000534,Abigail Valdez,F,1-768-6456,1980-01-19
200000535,Connor Fernandez,M,1-894-4925,2008-12-05
200000536,Lillian Henderson,F,1-709-5972,1978-08-17
200000537,Ryan O'Brien,M,1-537-4173,1936-09-21
200000538,Gage Vazquez,M,1-384-2211,1939-03-11
200000539,Kyle Palmer,M,1-900-4337,1983-03-22
200000540,Jackson Anderson,M,1-723-9058,1975-11-16
200000541,Noah Clark,M,1-501-7796,1983-05-23
200000542,Jonathan Ellis,M,1-638-1298,2003-09-15
200000543,Barbara Nelson,F,1-515-8966,2004-02-09
200000544,Jordan Marshall,M,1-487-8182,1972-06-27
200000545,Timothy Elliott,M,1-505-4526,1988-09-02
200000546,Harrison Shaw,M,1-466-6017,2022-03-02
200000547,Gladys Newman,F,1-484-7696,1973-06-11
200000548,Sharon Dominguez,F,1-302-8384,1981-05-26
200000549,Philip Simmons,M,1-997-9293,2005-10-04
200000550,Emily Reed,F,1-371-6022,1960-03-27
200000551,Joe Lane,M,1-362-9846,1973-10-05
200000552,Kimberly Herrera,F,1-537-6238,1987-11-12
200000553,Crystal McCoy,F,1-507-5925,1985-07-26
200000554,Carrie Ortega,F,1-875-2432,1995-06-01
200000555,Jasper Stewart,M,1-708-9708,2014-03-14
200000556,Kelly McDonald,F,1-552-9245,2011-12-16
200000557,Kenneth Taylor,M,1-579-4726,2000-09-21
200000558,Hudson Soto,M,1-890-7587,1944-04-11
200000559,Christopher Santiago,M,1-648-6425,2011-09-21
200000560,Leah Carlson,F,1-671-2732,1971-09-18
200000561,Heather Moreno,F,1-423-5029,1943-06-18
200000562,Brayden Matthews,M,1-473-3490,2011-11-26
200000563,Lincoln Freeman,M,1-944-3115,1981-09-24
200000564,Ruby Nunez,F,1-760-2839,1957-12-26
200000565,Madison Sullivan,F,1-538-9561,1961-11-05
200000566,Monica Grant,F,1-489-7681,2005-07-16
200000567,Blake Hill,M,1-608-9282,2024-09-09
200000568,Brooke Snyder,F,1-864-7513,1974-11-03
200000569,Kingston Jacobs,M,1-861-5966,2021-04-10
200000570,Sophia Bradley,F,1-969-7441,1972-09-12
200000571,Cameron Turner,M,1-787-3610,1961-08-03
200000572,Richard Cole,M,1-808-1738,1953-03-19
200000573,Brianna Fisher,F,1-656-4934,1983-08-25
200000574,Aiden Murray,M,1-805-4035,2013-03-19
200000575,Jack Harper,M,1-902-9386,1977-11-28
200000576,Audrey Watkins,F,1-998-1300,2007-09-15
200000577,Dominic Montgomery,M,1-826-8132,1949-03-25
200000578,Wanda Munoz,F,1-535-8279,1985-03-04
200000579,Erica Edwards,F,1-808-5198,1949-11-12
200000580,Daniel Brooks,M,1-682-9046,1966-11-17
200000581,Jose Boyd,M,1-523-4601,1974-03-04
200000582,Tristan Simpson,M,1-820-3615,2006-06-03
200000583,Hugo Rivera,M,1-876-3038,1962-03-15
200000584,Sawyer Sanchez,M,1-882-3449,2022-05-04
200000585,Cheryl Parker,F,1-775-2152,1990-11-01
200000586,Veronica Estrada,F,1-636-6824,1984-03-23
200000587,Teresa Johnston,F,1-864-5768,2017-06-18
200000588,Alexa Gordon,F,1-711-1012,2010-11-06
200000589,Elijah Moore,M,1-575-3259,1943-03-24
200000590,Nathan Hill,M,1-564-5364,1941-03-02
200000591,Sheryl Vazquez,F,1-413-6168,2021-10-23
200000592,Ruby Wright,F,1-956-5804,2009-08-14
200000593,Jaxon Vasquez,M,1-877-6342,1947-04-28
200000594,Theodore Palmer,M,1-654-3783,2002-02-14
200000595,Max Gonzales,M,1-779-6200,2019-12-24
200000596,Maverick Rice,M,1-361-4285,2018-09-16
200000597,Brandon Diaz,M,1-463-5431,2010-07-01
200000598,Samuel Sutton,M,1-493-8684,1951-08-08
200000599,Janet Ryan,F,1-304-6790,1954-02-18
200000600,Preston Santiago,M,1-319-5054,2020-01-08
200000601,Ronald Kelly,M,1-970-9107,1954-01-22
200000602,Declan Gardner,M,1-307-3500,2003-06-06
200000603,Roger Garza,M,1-964-9506,1981-02-28
200000604,Natalie Andrews,F,1-831-6500,2019-12-10
200000605,Eva Hayes,F,1-598-8740,1943-07-25
200000606,Makayla Allen,F,1-943-1365,1977-06-01
200000607,Terry Young,M,1-564-4306,1997-12-11
200000608,Micah Grant,M,1-334-5130,1994-06-19
200000609,George Harvey,M,1-316-6914,1948-11-05
200000610,Eric Jacobs,M,1-773-1881,1954-12-28
200000611,Madison Dunn,F,1-647-4949,2018-09-27
200000612,Kaiden Powell,M,1-305-6733,2010-01-24
200000613,Mason Taylor,M,1-913-1028,2009-11-02
200000614,Henry Chambers,M,1-616-3218,1978-04-01
200000615,Alan Fisher,M,1-771-8671,1979-04-19
200000616,Diana Burke,F,1-443-5047,1974-09-22
200000617,Alice Wheeler,F,1-503-6752,1963-02-11
200000618,Serenity Nunez,F,1-913-1245,2014-11-09
200000619,Paula Gomez,F,1-476-3026,1958-10-09
200000620,Stella Ortiz,F,1-707-7640,1970-12-16
200000621,Scott Evans,M,1-637-4291,2001-11-13
200000622,Easton Carter,M,1-439-7323,1979-04-03
200000623,Maxwell Guerrero,M,1-445-4336,1984-05-11
200000624,Geraldine Meyer,F,1-583-6566,2006-06-13
200000625,Jocelyn Murray,F,1-694-2729,1999-01-13
200000626,Connie Kennedy,F,1-838-3884,2013-02-19
200000627,Tucker Figueroa,M,1-609-9919,1936-07-21
200000628,Ashley Dominguez,F,1-724-1949,1959-01-14
200000629,Savannah Herrera,F,1-972-7903,1937-07-22
200000630,Ellie Henderson,F,1-930-8621,2021-08-15
200000631,Riley Lee,F,1-856-5933,2019-07-02
200000632,Faith Clark,F,1-776-8601,2011-12-10
200000633,Mia Carlson,F,1-580-1277,1936-06-11
200000634,Kylie Parsons,F,1-352-5424,2012-09-07
200000635,Caroline Carroll,F,1-362-8893,2000-02-15
200000636,Felix Scott,M,1-701-2499,1973-12-26
200000637,Brian Ruiz,M,1-484-5223,1986-10-01
200000638,Elizabeth Hanson,F,1-860-4081,1971-02-28
200000639,Katherine Weaver,F,1-666-4572,1976-05-13
200000640,Milo Roberts,M,1-407-9661,2017-08-01
200000641,Edward Rivera,M,1-747-4727,1995-01-23
200000642,River Dean,M,1-610-8166,1942-12-10
200000643,Taylor Henry,F,1-569-5564,2003-01-22
200000644,Edna Guzman,F,1-351-6398,2012-05-14
200000645,Irene Phillips,F,1-796-2971,1994-05-15
200000646,Vivian Ortega,F,1-620-7082,2002-05-07
200000647,Ella Chen,F,1-850-6500,2002-04-27
200000648,John Olson,M,1-975-6956,2007-07-20
200000649,Juan Pena,M,1-502-4645,2006-09-18
200000650,Jeffrey Morris,M,1-770-1209,1967-08-10
200000651,Griffin Kim,M,1-914-8610,1987-08-12
200000652,Oscar Maldonado,M,1-945-4773,1978-09-26
200000653,Aurora Reed,F,1-729-1373,1960-04-25
200000654,Spencer Hunter,M,1-849-1838,2018-11-17
200000655,Raymond Wallace,M,1-695-5829,1970-05-21
200000656,Patrick Martinez,M,1-858-4503,2009-10-12
200000657,Randy Rodriguez,M,1-349-2121,1991-12-02
200000658,Ellen Hale,F,1-784-2667,2009-03-13
200000659,Rose Stone,F,1-749-7621,1949-05-27
200000660,Lisa Cruz,F,1-824-6325,2020-01-28
200000661,Lucille Mason,F,1-359-9182,1955-07-13
200000662,Jerry Perkins,M,1-881-7426,1972-07-10
200000663,Asher Wagner,M,1-443-9054,1946-05-01
200000664,Isabelle Lawson,F,1-501-6341,1976-04-02
200000665,Mary Torres,F,1-975-3152,1948-03-18
200000666,Wayne Moreno,M,1-347-9779,1995-07-27
200000667,Adrian Pierce,M,1-727-4309,1934-04-03
200000668,Roy Watson,M,1-715-3729,2000-05-26
200000669,Bradley Nichols,M,1-447-9629,2005-05-10
200000670,Abigail Rogers,F,1-745-2420,1963-08-06
200000671,Arthur Walker,M,1-417-7564,1942-04-14
200000672,Lauren Peterson,F,1-317-6407,2000-01-20
200000673,Pauline Carpenter,F,1-992-1875,1982-08-14
200000674,Annie Sims,F,1-589-6298,2017-06-28
200000675,Bentley Williams,M,1-640-8926,2001-12-27
200000676,Marcus George,M,1-777-3751,2007-08-15
200000677,Calvin Salazar,M,1-863-9175,2024-02-04
200000678,Emmett Mendoza,M,1-952-7631,1945-10-26
200000679,Owen Ward,M,1-898-4065,2018-11-22
200000680,Beckett Gray,M,1-630-3828,1971-11-17
200000681,Nicholas Black,M,1-338-5693,2015-09-19
200000682,Gabriel Singh,M,1-771-5295,1959-06-04
200000683,Eliana Valdez,F,1-810-5732,2004-03-18
200000684,Logan Ross,M,1-956-8118,2018-10-04
200000685,Brooke Hughes,F,1-420-4148,1960-10-10
200000686,Erica Howell,F,1-563-2093,2016-04-03
200000687,Lincoln Ferguson,M,1-514-7008,2024-11-21
200000688,Gary Jackson,M,1-301-7091,2009-10-16
200000689,Lydia Simmons,F,1-855-2641,1991-03-21
200000690,Colton Watkins,M,1-624-5442,1938-09-19
200000691,Deborah Zimmerman,F,1-494-4111,2011-10-20
200000692,Gianna Thompson,F,1-723-1326,1963-05-12
200000693,Ralph O'Brien,M,1-466-6605,1970-09-09
200000694,Norma Delgado,F,1-993-3059,2013-04-06
200000695,Nora Howard,F,1-937-1293,1981-05-12
200000696,Greyson Shaw,M,1-690-2056,1985-02-09
200000697,Josephine Harris,F,1-761-5700,1965-09-14
200000698,Monica Patterson,F,1-824-7992,1943-04-26
200000699,Wendy Gutierrez,F,1-694-4340,1966-05-27
200000700,Caleb Daniels,M,1-881-6566,1958-11-14
200000701,Jonah Schmidt,M,1-863-4204,2017-07-08
200000702,Ann Manning,F,1-895-2937,1993-03-07
200000703,Sean Jordan,M,1-454-7370,1934-10-05
200000704,Peyton Hernandez,F,1-863-2940,1963-07-17
200000705,Michael James,M,1-371-9285,1989-10-27
200000706,Willie Stewart,M,1-479-7059,1935-12-19
200000707,Carol Richardson,F,1-783-5872,1963-02-20
200000708,Sophia Reyes,F,1-426-8877,1937-08-23
200000709,Bryson Austin,M,1-934-3891,2024-09-19
200000710,Bonnie Butler,F,1-889-2119,1963-05-07
200000711,Josephine Vargas,F,1-808-6367,1944-01-06
200000712,Matthew Hunt,M,1-684-6455,1934-04-18
200000713,Piper Ray,F,1-427-6251,1964-01-09
200000714,Kevin Stephens,M,1-357-5555,2020-11-16
200000715,Jessica Lewis,F,1-855-3136,1952-06-01
200000716,Charles Lawrence,M,1-689-8650,1954-03-07
200000717,Brooklyn Bishop,F,1-343-7501,1936-04-22
200000718,Eugene Holmes,M,1-701-9240,2002-10-07
200000719,Paisley Price,F,1-828-5299,1994-10-03
200000720,Ian Berry,M,1-337-1876,2023-08-21
200000721,Charlotte Tucker,F,1-791-2391,1977-01-19
200000722,Jamie Lopez,F,1-345-3435,1963-06-08
200000723,Summer Miller,F,1-325-3030,2022-12-15
200000724,Steven Foster,M,1-964-5966,1965-01-07
200000725,Wesley Knight,M,1-563-7030,1947-12-04
200000726,Aaron Bradley,M,1-469-4268,1986-06-06
200000727,Carter Campbell,M,1-655-6978,2000-05-02
200000728,Jayden Perry,M,1-604-7204,1950-12-23
200000729,Dennis Simpson,M,1-598-8315,1989-03-06
200000730,Kathleen Duncan,F,1-847-4733,1934-12-23
200000731,Anthony Ellis,M,1-468-2515,1940-08-06
200000732,Larry Green,M,1-651-5424,1985-06-11
200000733,Kayla McCoy,F,1-353-5794,1986-04-17
200000734,Melanie Le,F,1-694-1974,2009-11-13
200000735,Danielle Harper,F,1-634-3754,1996-05-10
200000736,Janice Garcia,F,1-420-2543,2020-08-21
200000737,Gerald Mendez,M,1-366-2301,2012-11-15
200000738,Peter Smith,M,1-734-9584,1946-06-06
200000739,Florence Franklin,F,1-495-3291,1945-04-08
200000740,Joshua Adams,M,1-706-9375,2015-05-25
200000741,Ariana Munoz,F,1-835-2928,1974-06-05
200000742,Lucas Ramos,M,1-670-5836,1947-11-01
200000743,Ryker Ford,M,1-797-4778,1958-10-01
200000744,Ruby Edwards,F,1-813-3969,1992-07-14
200000745,Brody Silva,M,1-890-6677,2001-06-24
200000746,Jacqueline Castro,F,1-921-2891,1974-01-26
200000747,Wesley Lynch,M,1-724-6833,1945-10-09
200000748,Luke Washington,M,1-757-2895,1959-04-20
200000749,Tiffany Richards,F,1-785-3082,1937-05-20
200000750,Sara Patel,F,1-869-6271,1958-07-05
200000751,Aria Fox,F,1-943-1358,1961-02-08
200000752,Eli Martin,M,1-842-5134,1980-06-24
200000753,Valentina Long,F,1-816-7566,1943-03-18
200000754,Courtney Larson,F,1-453-1540,1942-05-27
200000755,Parker Boyd,M,1-730-8400,1960-08-13
200000756,Gavin Turner,M,1-833-7096,2019-07-14
200000757,Betty Greene,F,1-612-9781,2008-01-04
200000758,Johnny Hawkins,M,1-977-2738,1966-08-25
200000759,Louis Wong,M,1-916-8588,2021-12-12
200000760,Bruce Lane,M,1-874-1290,1982-01-18
200000761,Addison Barnes,F,1-829-9076,2017-04-28
200000762,Lynn Murphy,F,1-933-5908,1954-11-01
200000763,Adalynn Elliott,F,1-532-6919,1981-07-06
200000764,Crystal Alvarado,F,1-591-3196,1951-10-04
200000765,Judy Alexander,F,1-348-6503,1967-05-15
200000766,Weston Santos,M,1-794-3305,1994-03-24
200000767,Ashton Carr,M,1-659-2869,2012-05-17
200000768,Hayden Gonzalez,M,1-914-7242,1959-03-04
200000769,Lois West,F,1-655-9558,1980-06-02
200000770,Tyler French,M,1-991-3259,2020-11-15
200000771,Kaitlyn Griffin,F,1-449-8469,1945-05-18
200000772,Nina Willis,F,1-957-6103,2006-11-07
200000773,Theresa Jimenez,F,1-757-9980,1966-11-10
200000774,Leo Bryant,M,1-832-5777,2001-09-10
200000775,Evan Graham,M,1-461-7459,1936-06-28
200000776,Emilia Myers,F,1-594-1400,1942-01-18
200000777,Jenna Mitchell,F,1-737-7660,1971-11-09
200000778,Gladys Dixon,F,1-422-7539,1953-09-19
200000779,Rachel Cook,F,1-416-4534,1956-07-15
200000780,Kinsley Montgomery,F,1-465-2779,1979-11-23
200000781,Violet Bailey,F,1-979-1708,2007-07-03
200000782,Hazel Contreras,F,1-503-3266,2004-08-07
200000783,Christina White,F,1-687-7304,1967-03-14
200000784,Bethany Hudson,F,1-419-3232,2022-09-08
200000785,Bryan Hicks,M,1-540-7340,1940-12-04
200000786,Debra Li,F,1-611-6654,1974-03-25
200000787,Benjamin Soto,M,1-476-8417,1981-02-09
200000788,Morgan Williamson,F,1-856-7463,1966-01-18
200000789,Gage King,M,1-573-3897,1973-05-09
200000790,Larry Stevens,M,1-559-2499,2012-02-27
200000791,Nolan Hamilton,M,1-827-1103,2016-04-07
200000792,Eleanor Robertson,F,1-600-6445,2021-10-12
200000793,Parker Kelley,M,1-378-2776,1959-02-23
200000794,Tina Jones,F,1-706-8494,2005-02-02
200000795,Madelyn Jenkins,F,1-704-1835,1993-07-02
200000796,Megan Cunningham,F,1-981-8194,2020-12-17
200000797,Peter Goodwin,M,1-336-6074,1952-07-14
200000798,Leilani Matthews,F,1-668-2387,1945-02-12
200000799,Bennett Rose,M,1-689-6165,2008-09-08
200000800,Rita Robinson,F,1-605-5479,2003-02-21
200000801,Luna Gilbert,F,1-459-6898,1973-11-09
200000802,Zoe Hoffman,F,1-855-8355,1970-05-28
200000803,Tyler Cox,M,1-403-6548,2011-03-21
200000804,Doreen Hansen,F,1-469-5127,1987-03-05
200000805,Hudson Riley,M,1-533-4535,1999-11-24
200000806,Jasper Nelson,M,1-645-2555,2006-11-11
200000807,Noah Webb,M,1-528-8196,1958-09-02
200000808,Grayson Chapman,M,1-646-3429,1962-10-27
200000809,Gavin Newman,M,1-784-9543,2018-12-11
200000810,John Espinoza,M,1-551-8294,1954-06-23
200000811,Eugene Crawford,M,1-332-2896,1994-01-25
200000812,Paige Arnold,F,1-747-4459,1935-05-11
200000813,Nancy Brown,F,1-699-4375,1941-12-03
200000814,Brenda Vega,F,1-411-6797,2017-04-13
200000815,Jack Warren,M,1-968-7044,1994-10-26
200000816,Marilyn Brooks,F,1-546-9969,1944-09-09
200000817,Lucy Thomas,F,1-464-9465,1974-04-27
200000818,Doris Burns,F,1-637-3442,1952-06-24
200000819,Peggy Gibson,F,1-753-4105,1947-01-27
200000820,Jude Castillo,M,1-350-6539,2018-12-13
200000821,Max Sanders,M,1-701-1375,1985-07-02
200000822,Roger Wood,M,1-401-2171,1969-01-02
200000823,Amanda Bennett,F,1-928-3779,2014-02-03
200000824,Wyatt Jensen,M,1-512-7270,1999-07-13
200000825,Alice Wilson,F,1-759-1520,1965-10-27
200000826,Audrey Romero,F,1-964-7838,2023-07-02
200000827,Christian Woods,M,1-710-9203,1998-11-23
200000828,Becky Rios,F,1-919-2739,1955-06-15
200000829,Caleb Davis,M,1-879-9657,1955-06-16
200000830,Cassie Jacobs,F,1-931-9212,1952-03-15
200000831,Andrew Morgan,M,1-575-8198,1945-10-06
200000832,Sean Spencer,M,1-540-3151,1995-09-03
200000833,Kimberly Fernandez,F,1-900-1477,1954-03-11
200000834,Samuel Cole,M,1-546-2648,1972-08-04
200000835,Mariah Reid,F,1-706-9453,1938-04-14
200000836,Vincent Tran,M,1-678-7849,1986-09-07
200000837,Isaac Romero,M,1-978-7504,2003-01-12
200000838,Adam Hart,M,1-324-9768,2002-06-15
200000839,Jennifer Cooper,F,1-484-2482,1998-12-16
200000840,Kristin Oliver,F,1-387-5504,1999-04-22
200000841,Jerry Armstrong,M,1-588-1937,1993-02-02
200000842,Alexandra Marshall,F,1-625-2230,1983-10-11
200000843,Penelope Porter,F,1-887-1783,1994-01-23
200000844,Alexis Russell,F,1-642-8160,1964-02-11
200000845,Erin Snyder,F,1-401-5737,1960-08-18
200000846,Robert Anderson,M,1-685-5033,1986-12-22
200000847,Gabriella Aguilar,F,1-856-2611,2010-08-23
200000848,Alexander Morales,M,1-542-1395,1970-11-28
200000849,Harold Medina,M,1-355-3791,2000-03-12
200000850,Joe Walsh,M,1-344-2563,1967-06-16
200000851,Theodore Chavez,M,1-315-9482,1975-09-26
200000852,Elaine McDonald,F,1-678-6953,1991-01-13
200000853,Katelyn Alvarez,F,1-783-2665,2019-03-10
200000854,Bradley Harrison,M,1-839-6597,1970-07-20
200000855,Victoria Sullivan,F,1-492-3680,1948-02-21
200000856,Micah Reynolds,M,1-300-4506,1977-06-10
200000857,Skylar Collins,F,1-930-3840,1978-08-22
200000858,Blake Perez,M,1-508-3328,1954-12-28
200000859,Valerie Hernandes,F,1-769-3806,1949-07-23
200000860,Cynthia Johnson,F,1-893-9229,2012-09-15
200000861,Albert Coleman,M,1-451-9492,2013-12-13
200000862,Chloe Freeman,F,1-318-7159,1944-03-26
200000863,Brittney Hall,F,1-641-1746,1992-09-02
200000864,Walter Peters,M,1-609-3756,1940-02-06
200000865,Emma Baker,F,1-369-9211,1953-04-07
200000866,Emmett Mills,M,1-342-7560,2006-05-26
200000867,Louise Wells,F,1-331-4690,1976-05-01
200000868,Jackson Owens,M,1-345-5866,1954-01-18
200000869,Quinn Ramirez,F,1-532-4007,1982-08-01
200000870,Declan Sandoval,M,1-995-5450,1964-12-18
200000871,Olivia Bell,F,1-474-5201,1943-10-01
200000872,Liam Morrison,M,1-367-7655,1947-04-12
200000873,Isabella Payne,F,1-862-1823,1981-08-07
200000874,Kennedy Flores,F,1-707-4896,1999-02-05
200000875,Griffin Nguyen,M,1-927-9109,1988-02-24
200000876,Emily Bennett,F,1-957-8363,1972-12-26
200000877,Lincoln Munoz,M,1-411-6940,1987-09-21
200000878,Jesse Jones,M,1-724-9430,1946-12-24
200000879,Cole Foster,M,1-324-4451,1940-02-05
200000880,Daniel Diaz,M,1-651-9029,1975-02-07
200000881,Gloria Harper,F,1-981-2411,1975-01-23
200000882,Maria Holmes,F,1-527-4150,1961-07-08
200000883,Brandon Hernandes,M,1-968-8719,1949-05-01
200000884,Natalia Richards,F,1-704-2342,1965-06-20
200000885,Oliver McDonald,M,1-829-3769,1960-05-15
200000886,Judith Stone,F,1-884-7569,1983-05-10
200000887,Asher Roberts,M,1-934-5852,1939-04-06
200000888,Cheryl Hughes,F,1-853-4970,1964-11-01
200000889,Scarlett Phillips,F,1-934-5061,1983-12-08
200000890,Ryan Gray,M,1-944-5716,1953-09-07
200000891,Bruce Santiago,M,1-572-4728,1977-10-25
200000892,Jade Cooper,F,1-582-4518,1993-05-26
200000893,Ian Manning,M,1-918-7002,2005-06-20
200000894,Chelsea Rice,F,1-779-3237,1986-10-13
200000895,Gail Alexander,F,1-591-1848,1961-07-18
200000896,Maya Howell,F,1-805-6282,2013-05-26
200000897,Catherine Flores,F,1-741-5581,1951-12-01
200000898,Stephen Kelly,M,1-917-8526,1962-02-07
200000899,Ethan Gutierrez,M,1-892-3062,2002-08-21
200000900,Maxwell Ramos,M,1-699-3632,1958-11-15
200000901,Whitney Chavez,F,1-818-8520,2019-03-24
200000902,Donald Rose,M,1-318-7441,2000-11-01
200000903,Susan Ortiz,F,1-513-5309,1991-06-25
200000904,Molly Figueroa,F,1-351-5412,1972-10-25
200000905,Milo Ray,M,1-546-4267,1945-03-26
200000906,Beverly Gomez,F,1-707-2988,2023-08-07
200000907,Wanda Green,F,1-608-7435,2010-12-17
200000908,Kristen Freeman,F,1-892-8085,1942-01-13
200000909,Ezekiel Scott,M,1-637-5596,1938-12-09
200000910,Sebastian Jordan,M,1-604-1664,1935-11-25
200000911,Cindy Clark,F,1-833-5241,1995-06-26
200000912,Avery Ortega,F,1-726-9898,1990-09-07
200000913,Ava Sanchez,F,1-727-6181,1986-10-24
200000914,Joseph Miller,M,1-370-1882,1967-09-26
200000915,James Hunter,M,1-560-4007,1996-07-22
200000916,Frank Brown,M,1-425-6152,1993-03-27
200000917,Jordan Hall,M,1-839-7707,1960-10-07
200000918,Martha Soto,F,1-766-4400,1969-07-09
200000919,Jaxon Carr,M,1-959-6984,1946-11-10
200000920,Joyce Fisher,F,1-756-4486,1942-11-04
200000921,Rhonda Romero,F,1-595-6854,1985-03-11
200000922,Marie Hernandez,F,1-705-4486,1980-04-27
200000923,Maverick Patel,M,1-941-3096,1956-04-28
200000924,Jasmine Adams,F,1-618-3645,1962-01-26
200000925,Calvin Young,M,1-572-1571,1948-02-22
200000926,Weston Goodwin,M,1-361-1118,2015-06-03
200000927,Esther Lynch,F,1-548-3500,2022-05-03
200000928,Lillian Maldonado,F,1-612-5797,2010-10-08
200000929,Autumn Lane,F,1-467-8563,2006-08-28
200000930,Arianna Reynolds,F,1-571-5189,1956-04-17
200000931,Bryson Stephens,M,1-783-9836,1951-12-16
200000932,Stacy Anderson,F,1-652-9483,1993-02-24
200000933,Sandra Powell,F,1-684-6715,1946-07-24
200000934,Adrian Fox,M,1-901-1542,1983-02-05
200000935,Melissa Wong,F,1-842-7681,2004-03-11
200000936,Bella Chen,F,1-782-3352,1999-06-22
200000937,Brody Myers,M,1-380-7186,1959-04-21
200000938,Hunter Walker,M,1-627-9901,1957-01-17
200000939,Greyson West,M,1-683-5540,1967-09-18
200000940,Spencer Bradley,M,1-507-2220,1937-08-20
200000941,George Perkins,M,1-620-6458,2019-12-01
200000942,Matthew Guzman,M,1-407-7041,1943-01-21
200000943,Anita Murray,F,1-998-4839,2014-07-27
200000944,Owen Bryant,M,1-846-6982,1948-04-23
200000945,Ivy Vasquez,F,1-841-4113,1956-05-28
200000946,Barbara Cunningham,F,1-644-1701,2024-03-24
200000947,Eric Payne,M,1-935-9665,1985-05-12
200000948,Joan Castillo,F,1-468-2897,1989-10-08
200000949,Carolyn Medina,F,1-983-6517,2017-02-03
200000950,Russell Duncan,M,1-879-2044,1997-03-03
200000951,Katie Vazquez,F,1-604-3819,1950-07-05
200000952,Lincoln Bishop,M,1-837-1364,2002-07-25
200000953,Lucas Hudson,M,1-364-4174,1957-10-14
200000954,Donna Dixon,F,1-714-9590,1946-04-06
200000955,Everett Peters,M,1-512-6111,2007-04-20
200000956,Ashton Watson,M,1-819-2599,1968-07-15
200000957,Philip Castro,M,1-690-7274,2006-09-04
200000958,Raymond Ryan,M,1-536-7168,2019-07-06
200000959,Layla Hill,F,1-980-4805,2023-01-22
200000960,April Dominguez,F,1-620-6532,1954-11-10
200000961,Andrea Shaw,F,1-625-8741,1975-12-15
200000962,Victor Cook,M,1-461-7070,1945-07-13
200000963,Virginia Stevens,F,1-913-1611,2015-09-01
200000964,Charles Morgan,M,1-673-5834,1977-02-02
200000965,Amy Campbell,F,1-731-1816,2017-08-17
200000966,Kingston Li,M,1-803-3268,1988-07-22
200000967,Louis Turner,M,1-638-1696,1975-05-12
200000968,Sofia Lawson,F,1-345-1472,2010-04-01
200000969,Helen Guerrero,F,1-807-1268,1974-12-13
200000970,Dylan Lee,M,1-354-3489,1996-11-28
200000971,Aiden Warren,M,1-417-6992,1973-12-05
200000972,Marcus Hart,M,1-691-6923,1942-08-02
200000973,Elijah King,M,1-880-3424,1970-11-02
200000974,Bobby Daniels,M,1-587-9518,2006-12-06
200000975,Eli Morales,M,1-791-8210,2022-05-10
200000976,Jayden George,M,1-828-9171,1979-07-21
200000977,Josiah Schmidt,M,1-910-6067,2013-09-12
200000978,Carter Ross,M,1-895-5630,1999-07-28
200000979,Heather Cole,F,1-526-5533,1968-11-12
200000980,Diane Morrison,F,1-681-2351,1992-12-04
200000981,Beckett Jackson,M,1-445-4699,1968-08-27
200000982,Joanne Chapman,F,1-625-9180,2021-07-27
200000983,Emery Pierce,F,1-599-4836,2008-02-08
200000984,Jose Elliott,M,1-374-3898,2004-02-18
200000985,Allison Williams,F,1-403-7943,1935-06-04
200000986,Julie Parker,F,1-765-9045,2017-04-08
200000987,Lawrence Washington,M,1-963-2548,1952-11-17
200000988,Elliott Jimenez,M,1-394-3350,1970-05-10
200000989,Rosa Singh,F,1-692-7607,2004-07-08
200000990,Margaret Tran,F,1-744-4913,1993-12-26
200000991,Harper Gilbert,F,1-436-5116,1995-11-28
200000992,Leslie Rogers,F,1-642-9652,2010-10-20
200000993,Christine Meyer,F,1-754-9993,1983-02-10
200000994,Grace Dean,F,1-611-6156,1941-09-22
200000995,Kaiden Ward,M,1-621-3372,1997-09-07
200000996,Carson Fernandez,M,1-810-9043,2000-10-04
200000997,Bailey Barnes,F,1-765-8477,1966-07-19
200000998,Karen Moreno,F,1-646-1744,1972-08-02
200000999,Lori Black,F,1-754-1297,1967-01-25
200001000,Tara Collins,F,1-805-7296,1965-06-02
200001001,Aaron Contreras,M,1-768-7704,1961-09-27
200001002,Roy Espinoza,M,1-613-2253,1998-01-07
200001003,Theo Russell,M,1-578-9094,1985-09-08
200001004,Joshua Mason,M,1-691-8206,1962-01-10
200001005,Ruth Wagner,F,1-640-4797,1991-09-03
200001006,Maddox Jacobs,M,1-970-4553,1961-09-09
200001007,Tammy Mills,F,1-917-1882,1977-09-16
200001008,Jeffrey Coleman,M,1-526-5300,1957-04-16
200001009,Alyssa Moore,F,1-856-5668,1962-01-03
200001010,Reagan Hanson,F,1-562-2583,1946-05-08
200001011,Thomas Kelley,M,1-489-9669,1941-09-09
200001012,Dana Riley,F,1-828-6980,2006-01-28
200001013,Mason Wood,M,1-467-3766,1938-04-01
200001014,Regina Mendez,F,1-307-9590,1993-06-25
200001015,Dorothy Franklin,F,1-697-8327,1996-06-11
200001016,Hugo Baker,M,1-428-9670,1992-05-23
200001017,Elena Brooks,F,1-784-2853,1972-06-27
200001018,Evelyn Sandoval,F,1-368-4668,2004-02-12
200001019,Mateo Oliver,M,1-303-6471,2014-03-03
200001020,Georgia Long,F,1-835-9360,2001-09-02
200001021,Audrey Estrada,F,1-659-1335,1982-01-27
200001022,Roman Parsons,M,1-968-6648,1973-05-25
200001023,Dominic Harrison,M,1-920-7722,1963-04-09
200001024,Benjamin Pena,M,1-329-3943,1971-02-23
200001025,Thelma Simmons,F,1-521-5150,1980-04-08
200001026,Keith Wheeler,M,1-688-2563,2002-04-22
200001027,Kenneth Peterson,M,1-553-1239,1941-01-21
200001028,Julia Thompson,F,1-559-3298,1995-01-17
200001029,Brandy McCoy,F,1-527-2552,1970-03-20
200001030,Harrison Cruz,M,1-505-2824,1988-04-14
200001031,Sharon Gibson,F,1-794-7598,2003-07-08
200001032,Jeremy Woods,M,1-873-9019,1979-06-16
200001033,Hazel Martin,F,1-905-7003,2020-03-02
200001034,Arthur Garcia,M,1-467-7643,2020-02-17
200001035,Michael Gonzales,M,1-599-6187,2004-06-11
200001036,Oscar Knight,M,1-994-5939,1969-01-16
200001037,Randy Lewis,M,1-902-3395,2016-03-08
200001038,Mark Wilson,M,1-955-6122,1964-06-07
200001039,Linda Price,F,1-616-6805,1984-01-12
200001040,Nathan Owens,M,1-820-6943,2001-02-10
200001041,Preston Kim,M,1-774-6090,1943-07-23
200001042,Shirley Smith,F,1-787-8184,1971-07-15
200001043,Kevin Simpson,M,1-771-4741,2012-04-10
200001044,Sarah Wells,F,1-658-3380,1948-12-06
200001045,Damian Morris,M,1-647-4773,1940-08-04
200001046,Mildred Hamilton,F,1-950-5822,1939-12-10
200001047,Rowan Watkins,M,1-836-5371,1948-03-19
200001048,Laurie Graham,F,1-364-1978,2021-07-28
200001049,Scott Lopez,M,1-757-4317,1973-06-26
200001050,Johnny Garza,M,1-524-6788,1948-08-18
200001051,Bryan Greene,M,1-895-7465,2024-04-11
200001052,Justin Ellis,M,1-837-6452,2010-02-16
200001053,River Lawrence,M,1-543-6744,1988-07-16
200001054,Billy Sullivan,M,1-625-3021,1979-11-02
200001055,Leo Silva,M,1-974-6412,1965-05-12
200001056,Naomi Butler,F,1-608-8794,1957-07-14
200001057,Patrick Willis,M,1-590-4217,1979-03-03
200001058,Carrie Vargas,F,1-476-8325,1956-08-18
200001059,Luke Ferguson,M,1-937-8752,1958-08-02
200001060,Colton Davis,M,1-978-6401,2021-06-04
200001061,Nicole Rivera,F,1-399-5918,1963-08-06
200001062,Everly Johnston,F,1-559-3743,1990-03-09
200001063,Easton Gordon,M,1-928-6109,2003-11-15
200001064,Landon Perez,M,1-942-2669,1955-12-24
200001065,Kelly Robinson,F,1-355-3088,1973-05-14
200001066,Sydney Walsh,F,1-851-1897,1954-08-27
200001067,Ezra Hicks,M,1-307-3314,1955-10-07
200001068,Wesley Salazar,M,1-746-8780,1985-08-13
200001069,David Carpenter,M,1-664-9923,1961-10-11
200001070,Alicia O'Brien,F,1-699-3693,2020-10-06
200001071,Bentley Chambers,M,1-547-1337,1993-05-09
200001072,Alan Mitchell,M,1-992-8826,2010-08-20
200001073,Claire Cox,F,1-780-1719,1991-04-24
200001074,Kelsey Romero,F,1-420-6727,1944-07-14
200001075,Jacob Griffin,M,1-419-4814,1953-01-23
200001076,Angela Herrera,F,1-831-1705,2004-12-07
200001077,Wayne Berry,M,1-606-6252,1961-01-18
200001078,Chase Hale,M,1-305-5904,2008-12-06
200001079,Mackenzie James,F,1-847-2054,2003-11-25
200001080,Logan Evans,M,1-898-3300,1937-12-24
200001081,Leah Nelson,F,1-866-2232,2022-06-07
200001082,Connor Snyder,M,1-511-6357,1970-02-28
200001083,Wesley Marshall,M,1-890-1267,1973-02-07
200001084,Gary Hansen,M,1-423-7017,2004-04-12
200001085,Timothy Ford,M,1-541-4243,1989-09-18
200001086,Jean Porter,F,1-856-8530,2012-05-22
200001087,Gabriel Henry,M,1-864-5162,1996-06-26
200001088,Brianna Crawford,F,1-647-9074,1937-02-17
200001089,Evan Dunn,M,1-758-3525,1993-08-08
200001090,Willow French,F,1-513-3300,1959-05-14
200001091,Vanessa Tucker,F,1-525-2257,1954-11-20
200001092,Holly Edwards,F,1-712-8211,1962-02-16
200001093,Lily Wright,F,1-522-3171,1997-02-12
200001094,Emma Ruiz,F,1-925-9185,1941-08-26
200001095,Lillian Arnold,F,1-769-6280,1957-08-08
200001096,Trinity Newman,F,1-494-6758,2000-08-08
200001097,Willie Armstrong,M,1-602-3870,1936-04-11
200001098,Kaden Zimmerman,M,1-570-1527,1954-09-09
200001099,Nicholas Jenkins,M,1-673-5368,1970-10-18
200001100,Gerald Olson,M,1-626-3884,2018-03-15
200001101,Laura Nguyen,F,1-675-8715,1949-02-04
200001102,Xavier Montgomery,M,1-327-2996,2003-06-18
200001103,Stephanie Kennedy,F,1-757-3098,2011-08-08
200001104,Ralph Austin,M,1-781-9128,1977-07-13
200001105,Dawn Ramirez,F,1-840-9359,1958-08-25
200001106,Brayden Andrews,M,1-381-4224,2011-04-06
200001107,Juanita Williamson,F,1-588-1128,1997-12-25
200001108,Delilah Hayes,F,1-820-2400,2021-09-04
200001109,Gertrude Allen,F,1-694-2009,1985-02-22
200001110,Kathryn Grant,F,1-369-1375,1989-09-27
200001111,Dean Nichols,M,1-358-8043,2012-12-06
200001112,Edward Aguilar,M,1-682-5895,1981-01-18
200001113,Anthony Thomas,M,1-786-2143,1983-11-22
200001114,Frances Jensen,F,1-480-5613,1944-03-03
200001115,Douglas Boyd,M,1-602-5490,1968-08-06
200001116,William Reid,M,1-523-6866,1998-07-25
200001117,Zachary Sanders,M,1-806-2290,1981-05-25
200001118,Paul Valdez,M,1-673-7240,1978-03-11
200001119,Anna Alvarez,F,1-595-1032,1974-03-10
200001120,Jill Gonzalez,F,1-823-2884,1956-04-11
200001121,Patricia Rios,F,1-319-6817,1984-04-09
200001122,Jonah Carter,M,1-490-5654,1960-08-16
200001123,Miles Murphy,M,1-741-6662,1960-06-27
200001124,Hannah Larson,F,1-815-6719,1969-07-28
200001125,Kyle Stewart,M,1-806-1791,1938-03-21
200001126,Hailey Martinez,F,1-860-6855,1985-06-19
200001127,Cassandra Rodriguez,F,1-302-6141,1985-02-02
200001128,Denise Howard,F,1-867-4527,1944-12-11
200001129,Tucker Perry,M,1-516-4682,1969-07-19
200001130,Madeline Hoffman,F,1-552-9347,2017-05-14
200001131,Henry Taylor,M,1-724-6534,1945-03-03
200001132,Phyllis Burns,F,1-638-9258,2008-02-23
200001133,Cooper Santos,M,1-446-2764,1972-11-06
200001134,Meredith Le,F,1-500-7399,1960-12-05
200001135,Shannon Weaver,F,1-602-9241,1951-09-28
200001136,Destiny Johnson,F,1-846-6532,2002-01-23
200001137,Michelle Patterson,F,1-563-2238,1976-06-26
200001138,Carl Harvey,M,1-334-1442,1944-04-12
200001139,Bernice Mendoza,F,1-323-7809,1955-09-17
200001140,Amber Sims,F,1-434-9202,1946-11-16
200001141,Silas Reyes,M,1-688-2692,2024-07-06
200001142,Brittany Hawkins,F,1-828-6765,1941-09-05
200001143,Oliver Matthews,M,1-366-3931,1958-11-09
200001144,Rebecca Webb,F,1-738-3233,1961-11-21
200001145,Jonathan Richardson,M,1-653-2031,2024-04-28
200001146,Pamela Bell,F,1-674-8058,1954-08-21
200001147,Cameron Burke,M,1-318-5442,1947-04-04
200001148,Austin Spencer,M,1-829-4059,1954-12-07
200001149,Samantha Wallace,F,1-809-3831,1958-05-03
200001150,Adalynn White,F,1-326-8244,1948-10-07
200001151,Ryder Torres,M,1-330-7590,2013-05-12
200001152,Sydney Delgado,F,1-642-9197,1943-03-21
200001153,Anna Palmer,F,1-732-9148,1974-02-08
200001154,Jace Sutton,M,1-358-9348,1966-05-08
200001155,Mary Jacobs,F,1-468-4569,1995-03-17
200001156,Jason Vega,M,1-797-3422,1934-10-06
200001157,Becky Reed,F,1-596-7998,1950-09-15
200001158,Dennis Alvarado,M,1-322-7072,1935-08-02
200001159,Ryker Gardner,M,1-998-4049,1956-02-15
200001160,April Bailey,F,1-486-1579,1943-11-27
200001161,Bailey Carroll,F,1-652-8372,1939-10-19
200001162,Tristan Robertson,M,1-566-6159,1962-01-04
200001163,Terry Hunt,M,1-912-1655,2012-01-25
200001164,Hazel Henderson,F,1-501-1431,1949-07-20
200001165,Juan Carlson,M,1-428-6385,2001-07-06
200001166,Alexandra Nunez,F,1-834-1883,2004-11-15
200001167,Joan Harris,F,1-357-7949,1983-03-03
200001168,Molly Diaz,F,1-536-1093,1985-09-13
200001169,Jill Greene,F,1-457-3065,1968-01-15
200001170,Madison Lawrence,F,1-653-1013,1960-07-27
200001171,Lori Herrera,F,1-430-8571,1971-07-06
200001172,Betty Sims,F,1-367-9185,2009-12-08
200001173,Lois Price,F,1-804-4330,1964-01-28
200001174,Chelsea Jacobs,F,1-378-2865,1939-01-16
200001175,Richard Castro,M,1-356-4637,2021-05-28
200001176,Ariana Nguyen,F,1-683-5110,2017-11-15
200001177,Gregory Richardson,M,1-328-3514,1991-02-05
200001178,Steven Vargas,M,1-487-4619,1938-12-08
200001179,Ashley Hunt,F,1-902-6906,1955-03-05
200001180,Paula Thomas,F,1-590-8839,1972-07-14
200001181,Destiny Cruz,F,1-323-7262,2006-09-05
200001182,Teresa Perkins,F,1-625-7892,1954-06-01
200001183,Lillian Ray,F,1-550-6552,1964-06-21
200001184,Erica Edwards,F,1-801-1746,1934-02-15
200001185,Penelope Green,F,1-734-1210,1941-08-21
200001186,Brian Singh,M,1-328-4071,2003-12-07
200001187,Christopher Nunez,M,1-932-8360,1955-04-14
200001188,Axel Fox,M,1-311-1776,1971-04-03
200001189,Geraldine Grant,F,1-361-6170,1961-08-12
200001190,Marie French,F,1-356-8567,1998-08-04
200001191,Levi Peterson,M,1-818-6770,1976-07-16
200001192,Ronald Woods,M,1-378-2325,1946-10-26
200001193,Jade Riley,F,1-990-7458,1998-07-20
200001194,Reagan Harrison,F,1-469-5388,2011-01-10
200001195,Hayden Jackson,M,1-659-2125,2006-08-27
200001196,Theresa Jensen,F,1-857-2092,1941-12-16
200001197,Felix Vazquez,M,1-532-9405,1948-04-27
200001198,Sawyer Olson,M,1-352-5063,1957-02-17
200001199,Jennifer Ford,F,1-839-4764,2008-04-11
200001200,Frances Chapman,F,1-990-3822,1978-10-28
200001201,Wesley Simpson,M,1-620-9852,1979-08-21
200001202,Grayson Roberts,M,1-680-4691,1956-04-07
200001203,Parker Hughes,M,1-632-9789,1954-12-18
200001204,Arthur Shaw,M,1-503-8840,1949-10-24
200001205,Amy Vasquez,F,1-628-7742,1944-12-04
200001206,Jacqueline Bennett,F,1-775-5633,1962-04-28
200001207,Kenneth Simmons,M,1-879-8911,1995-07-22
200001208,Aiden Burke,M,1-446-8534,2003-12-07
200001209,Julie Murphy,F,1-325-9925,1985-05-14
200001210,Stella Black,F,1-554-5791,2006-07-04
200001211,Danielle Hernandez,F,1-440-6975,1951-08-20
200001212,Janet Valdez,F,1-383-3913,2007-07-15
200001213,Victoria Contreras,F,1-665-6055,2005-02-07
200001214,Josephine Hicks,F,1-917-9908,2019-01-18
200001215,Milo McDonald,M,1-981-5325,1958-07-10
200001216,Bruce Willis,M,1-328-6798,1979-03-22
200001217,Ethan Ortiz,M,1-536-9398,1950-03-04
200001218,Brayden Jenkins,M,1-492-9392,1975-07-20
200001219,Tina Bishop,F,1-968-7348,1998-10-25
200001220,Wendy Clark,F,1-652-7638,1994-09-24
200001221,Jace Chambers,M,1-690-4323,1979-04-02
200001222,Sawyer Campbell,M,1-332-9629,2021-11-09
200001223,Carolyn Webb,F,1-588-4371,1995-04-11
200001224,Anthony Barnes,M,1-375-4777,1998-04-12
200001225,Connie Smith,F,1-830-5843,1994-06-01
200001226,Brooklyn Evans,F,1-798-4280,1994-08-13
200001227,Jeremy Long,M,1-435-3408,1969-10-16
200001228,Alexa Brown,F,1-943-4020,1983-09-18
200001229,Karen Porter,F,1-759-9512,1976-06-15
200001230,Katherine Guzman,F,1-909-3856,1971-07-12
200001231,Philip Reyes,M,1-562-2649,1942-05-21
200001232,Natalie Wood,F,1-363-9854,1961-10-17
200001233,River Austin,M,1-940-9398,2015-05-18
200001234,Doreen Silva,F,1-432-8861,1955-10-08
200001235,Elaine Cunningham,F,1-871-8416,1998-08-02
200001236,Axel Gordon,M,1-801-5786,1976-10-18
200001237,Cooper Peters,M,1-755-4503,1967-02-12
200001238,Florence Hernandes,F,1-914-9163,1986-12-15
200001239,Allison Turner,F,1-615-5725,1942-09-23
200001240,Ruby Sanchez,F,1-389-1079,1986-01-01
200001241,Brittney Gardner,F,1-449-3848,1955-04-24
200001242,Ruth Elliott,F,1-972-8858,1976-02-19
200001243,Alexis Hoffman,F,1-674-9326,2022-07-27
200001244,Bennett Carroll,M,1-788-5280,1986-06-16
200001245,Jayden Delgado,M,1-962-4653,2011-02-11
200001246,Edna Soto,F,1-340-3736,1998-06-09
200001247,Bobby Sullivan,M,1-834-8295,1948-05-28
200001248,Emery Marshall,F,1-726-8339,1950-09-24
200001249,Brody Wagner,M,1-547-9144,1981-06-20
200001250,Stacy Johnston,F,1-914-1761,1969-08-28
200001251,Diana Hamilton,F,1-745-1318,1992-08-25
200001252,Roman Morales,M,1-462-7569,1944-08-19
200001253,Adam Watkins,M,1-406-2264,1938-06-22
200001254,Silas Cox,M,1-852-6674,1982-01-22
200001255,Kathleen Hawkins,F,1-661-3294,1993-07-16
200001256,Ashton Davis,M,1-508-2798,1969-03-04
200001257,Jason Pena,M,1-429-4897,1957-03-23
200001258,Mariah Hansen,F,1-446-6137,1961-08-23
200001259,Beckett Andrews,M,1-325-8230,2018-11-04
200001260,Lucy Carpenter,F,1-504-3665,1938-03-25
200001261,Melanie Bryant,F,1-331-1248,2016-01-10
200001262,Maya Martin,F,1-812-1276,1956-06-12
200001263,Donald Holmes,M,1-324-4388,1934-07-01
200001264,Ella Bradley,F,1-656-4204,2008-10-09
200001265,Skylar King,F,1-908-8997,1947-02-03
200001266,Spencer Mitchell,M,1-540-2174,1942-09-20
200001267,Summer Baker,F,1-515-7599,2014-07-22
200001268,Stephanie Foster,F,1-957-8398,1987-09-16
200001269,Zoe Nelson,F,1-732-7241,1939-07-18
200001270,Carl Adams,M,1-519-8265,1971-10-18
200001271,Whitney Pierce,F,1-472-1921,1985-09-07
200001272,Linda George,F,1-479-6956,2006-08-10
200001273,Thomas Rice,M,1-492-7223,1938-01-02
200001274,Judy Jordan,F,1-622-1515,1991-04-02
200001275,Greyson Griffin,M,1-325-8656,1936-10-12
200001276,Meredith Chavez,F,1-651-8127,1951-03-10
200001277,Kelly Owens,F,1-394-1569,1989-11-25
200001278,Rebecca Anderson,F,1-937-8971,2014-06-12
200001279,Lucille West,F,1-854-8906,1997-10-26
200001280,Declan Schmidt,M,1-710-4552,1953-08-26
200001281,Scott Wong,M,1-862-6025,1990-11-01
200001282,Henry Miller,M,1-655-5005,1994-11-01
200001283,Raymond Cooper,M,1-846-5248,1936-01-08
200001284,Monica Carlson,F,1-779-4239,1975-07-10
200001285,Alice Collins,F,1-396-8412,1939-11-14
200001286,Hudson Maldonado,M,1-463-3648,1974-02-20
200001287,Bryson Morgan,M,1-405-1655,1971-02-15
200001288,Randy Moore,M,1-631-5149,1964-06-28
200001289,Adrian Hill,M,1-332-8762,1982-11-27
200001290,Leo Tucker,M,1-476-7468,1994-09-28
200001291,Patrick Gomez,M,1-618-5377,1973-01-22
200001292,Eric Wright,M,1-701-4460,1974-10-06
200001293,Xavier Ramos,M,1-629-4910,1937-04-03
200001294,Hayden Ferguson,M,1-448-9992,2000-06-07
200001295,Lillian Lane,F,1-684-3548,2003-06-01
200001296,Ellie Gonzales,F,1-700-3407,1935-03-23
200001297,Emma Sutton,F,1-724-5361,1968-02-28
200001298,Holly Santiago,F,1-766-8380,2021-07-18
200001299,Mildred Rodriguez,F,1-571-7508,1961-08-13
200001300,Pauline Harvey,F,1-571-4315,2015-06-22
200001301,Phyllis Henry,F,1-474-9905,1978-10-18
200001302,Sara Li,F,1-473-4325,1995-06-20
200001303,Ian Sanders,M,1-388-3123,2021-05-27
200001304,Calvin Reed,M,1-353-7170,1958-05-26
200001305,Savannah Stephens,F,1-973-8891,2019-06-07
200001306,Cheryl Arnold,F,1-684-5849,2007-10-21
200001307,David Walsh,M,1-761-4350,2002-08-24
200001308,Owen Fernandez,M,1-769-7740,1957-11-01
200001309,Jasper Ryan,M,1-462-1180,2008-07-14
200001310,Jesse Carr,M,1-598-3675,1956-09-08
200001311,Emilia Aguilar,F,1-489-1796,1989-01-09
200001312,Emma Franklin,F,1-318-7656,2018-02-05
200001313,Louis Taylor,M,1-978-8576,1936-06-28
200001314,Robert Gonzalez,M,1-594-7772,2003-05-05
200001315,Paige Robertson,F,1-986-3158,2023-09-19
200001316,Piper Murray,F,1-456-3441,1950-02-20
200001317,Pamela Martinez,F,1-366-4216,1974-01-13
200001318,Jude Hart,M,1-991-4757,1974-07-03
200001319,Leilani Munoz,F,1-422-6436,2002-02-22
200001320,Gianna Perez,F,1-913-5338,1962-06-05
200001321,Colton Robinson,M,1-863-3218,1946-04-18
200001322,Aria Wallace,F,1-918-2921,1950-10-04
200001323,Tyler Johnson,M,1-313-8502,1940-09-28
200001324,Carson Garza,M,1-515-7520,2017-01-11
200001325,Kelsey Perry,F,1-741-5320,1989-03-19
200001326,Miles Dunn,M,1-611-6966,1999-08-25
200001327,Bernice Ortega,F,1-923-9347,1942-01-26
200001328,Lisa Harris,F,1-870-5970,1976-03-16
200001329,Ralph Brooks,M,1-730-2874,1936-02-06
200001330,Morgan White,F,1-685-9334,1980-07-17
200001331,Lincoln Mendoza,M,1-348-2236,1952-04-02
200001332,Mia Fisher,F,1-648-7725,2021-01-14
200001333,Jonah Payne,M,1-609-5270,1959-12-19
200001334,Charles Romero,M,1-558-7866,1953-01-18
200001335,Arianna Rivera,F,1-314-6360,1977-05-22
200001336,Maddox Sandoval,M,1-564-7123,1982-09-28
200001337,Gladys Powell,F,1-756-2432,2015-09-18
200001338,Natalia Santos,F,1-828-6741,1963-07-02
200001339,Brandy Weaver,F,1-773-6478,2006-06-04
200001340,Bella Espinoza,F,1-823-4346,1943-12-01
200001341,Peyton Lawson,F,1-898-3722,1980-03-21
200001342,Harper Phillips,F,1-450-3252,1944-01-12
200001343,Andrew Alvarado,M,1-369-3332,1975-08-20
200001344,Bonnie Stevens,F,1-816-2212,1952-02-20
200001345,Erin Hayes,F,1-398-1703,1937-09-01
200001346,Juanita Hall,F,1-699-6407,1951-09-01
200001347,Rhonda Medina,F,1-951-5216,1965-04-10
200001348,Juan Gibson,M,1-934-1031,1966-07-04
200001349,Sebastian Knight,M,1-557-4572,2013-01-21
200001350,Lucas Morrison,M,1-832-9182,1966-05-09
200001351,Jacob Larson,M,1-790-1128,1972-12-24
200001352,Beverly Kelly,F,1-874-3315,1983-03-08
200001353,Doris Lewis,F,1-840-7970,1966-08-20
200001354,Norma Scott,F,1-474-6267,1993-10-25
200001355,Benjamin Jimenez,M,1-548-3226,2001-12-25
200001356,Faith Coleman,F,1-336-7976,1974-07-21
200001357,Irene Gutierrez,F,1-986-9491,1958-07-03
200001358,Isaac Warren,M,1-534-6236,1972-04-15
200001359,Albert Richards,M,1-311-7564,2018-11-03
200001360,Christopher Howard,M,1-355-5914,2001-01-19
200001361,Brenda Howell,F,1-629-3491,1989-12-25
200001362,Amanda Mason,F,1-495-3321,1968-12-06
200001363,Joyce Parker,F,1-649-4790,1958-01-02
200001364,Michelle Vega,F,1-625-8613,1947-08-18
200001365,Michael Tran,M,1-714-3688,1976-04-11
200001366,Judith Lopez,F,1-974-4029,1947-03-15
200001367,Kingston Butler,M,1-575-6177,2016-10-05
200001368,Tammy Alvarez,F,1-425-5283,1939-03-14
200001369,Nina Romero,F,1-903-7865,2011-04-12
200001370,Elena Castillo,F,1-446-8575,1942-08-08
200001371,Quinn Torres,F,1-603-4249,1936-09-02
200001372,Cassandra Flores,F,1-402-1380,1944-12-07
200001373,Dawn Duncan,F,1-578-4700,2007-07-11
200001374,Makayla Russell,F,1-998-9400,1985-02-21
200001375,Sean Newman,M,1-430-9536,1992-02-22
200001376,Tristan Thompson,M,1-710-6982,1950-11-23
200001377,Helen Rogers,F,1-833-7598,1983-10-24
200001378,Susan Guerrero,F,1-400-7063,1945-02-13
200001379,Sandra Patterson,F,1-523-3210,1990-11-02
200001380,Max Parsons,M,1-602-7240,1988-03-22
200001381,Ellen Hanson,F,1-319-1735,1943-10-27
200001382,Logan Morris,M,1-475-8434,1954-05-26
200001383,Nancy Jones,F,1-581-8913,1982-12-27
200001384,Eliana Harper,F,1-622-8200,1985-12-07
200001385,Gabriella Hudson,F,1-500-2126,1982-07-19
200001386,Caroline Hale,F,1-923-6971,1959-10-13
200001387,Debra Williams,F,1-860-4743,1937-02-26
200001388,Noah Gilbert,M,1-453-9726,1958-04-13
200001389,Gail Patel,F,1-760-5212,1940-11-13
200001390,Lynn Mills,F,1-428-9236,2015-11-07
200001391,Rosa Dean,F,1-463-6731,1950-10-20
200001392,Oliver Oliver,M,1-461-3416,1969-11-08
200001393,Shirley Figueroa,F,1-904-4161,1934-11-25
200001394,Abigail McCoy,F,1-684-2098,1964-06-14
200001395,Kayla Chen,F,1-833-8083,1951-11-21
200001396,Katelyn Estrada,F,1-429-4767,2006-03-26
200001397,Kaden Ward,M,1-650-3903,2006-01-05
200001398,Levi Matthews,M,1-830-8606,1977-05-19
200001399,Regina Gray,F,1-514-3078,1941-02-09
200001400,Willie Alexander,M,1-384-8184,1973-01-22
200001401,Harold Garcia,M,1-453-3631,1946-05-17
200001402,Maverick Dixon,M,1-891-1634,1981-02-07
200001403,Paul Cook,M,1-328-7882,1983-09-08
200001404,Jean Kennedy,F,1-665-8327,2017-09-25
200001405,Valerie Boyd,F,1-931-4330,1944-11-28
200001406,Naomi Le,F,1-930-9791,1934-06-13
200001407,Russell Lee,M,1-475-4174,1940-08-10
200001408,Kennedy Rios,F,1-924-4314,2019-12-28
200001409,Preston Salazar,M,1-449-1899,1984-10-05
200001410,Jasmine Wheeler,F,1-976-7961,1947-07-06
200001411,Kaiden Daniels,M,1-585-2486,1958-11-14
200001412,Hazel Jacobs,F,1-834-3326,2013-09-21
200001413,Keith Wells,M,1-722-8068,1940-01-26
200001414,Joe Bell,M,1-417-1317,1955-01-07
200001415,Ezra Snyder,M,1-797-2602,2003-07-25
200001416,Gertrude Bailey,F,1-633-5613,1934-04-18
200001417,Wesley Armstrong,M,1-902-9919,1995-09-26
200001418,Jonathan Kim,M,1-873-7944,2024-02-22
200001419,Mason Ross,M,1-451-9279,2006-12-12
200001420,Oliver Nichols,M,1-379-9609,1998-10-01
200001421,Dylan Young,M,1-535-6257,2018-04-11
200001422,Amber Ruiz,F,1-787-7458,1974-12-18
200001423,Billy Berry,M,1-969-1848,2011-11-05
200001424,Violet Hunter,F,1-975-8836,2008-06-09
200001425,Trinity Myers,F,1-665-8770,1948-01-21
200001426,Rowan Spencer,M,1-885-2417,1969-08-23
200001427,Audrey Cole,F,1-867-8455,1977-01-15
200001428,Gavin Moreno,M,1-790-8384,1960-01-01
200001429,Janice Henderson,F,1-560-8786,1942-12-04
200001430,Ezekiel Manning,M,1-457-9899,2022-09-26
200001431,Eva Kelley,F,1-524-4550,1947-03-19
200001432,Rita Wilson,F,1-590-7362,1965-07-06
200001433,Chase Mendez,M,1-304-6396,1964-09-08
200001434,Alan Ellis,M,1-899-4564,1964-08-26
200001435,Samantha Stone,F,1-516-8239,2015-02-09
200001436,Stephen Stewart,M,1-955-2823,1993-08-22
200001437,Evan O'Brien,M,1-873-7455,1982-08-18
200001438,Crystal Palmer,F,1-442-6785,1947-06-01
200001439,Luke Freeman,M,1-517-3045,2022-05-20
200001440,Leslie Carter,F,1-564-4507,1990-08-05
200001441,Easton Ramirez,M,1-757-4218,2014-01-18
200001442,Wanda Goodwin,F,1-855-7646,2024-07-13
200001443,Alice Watson,F,1-731-2161,2019-09-22
200001444,Martha Washington,F,1-439-4846,2020-09-23
200001445,Caleb Montgomery,M,1-687-5002,1947-05-28
200001446,Johnny Rose,M,1-450-1626,2007-07-26
200001447,Georgia Graham,F,1-629-4240,1985-01-03
200001448,Riley Williamson,F,1-351-7454,1934-04-10
200001449,Kristen James,F,1-913-2739,1988-10-15
200001450,Marcus Lynch,M,1-386-5113,2017-05-10
200001451,Gloria Crawford,F,1-951-1075,1948-06-17
200001452,Jaxon Zimmerman,M,1-754-7166,2007-02-07
200001453,Walter Reynolds,M,1-549-3790,1963-11-28
200001454,Cole Walker,M,1-405-5825,2009-08-21
200001455,Virginia Dominguez,F,1-833-4198,1956-02-16
200001456,Carrie Reid,F,1-447-3954,1977-06-19
200001457,Gage Meyer,M,1-891-2927,1966-01-08
200001458,Alyssa Allen,F,1-742-9273,1970-02-09
200001459,Hugo Burns,M,1-922-6635,1946-08-28
200001460,Rachel Burke,F,1-308-1721,1943-09-21
200001461,Cassie Ramos,F,1-643-7099,1939-07-17
200001462,George Gibson,M,1-301-2711,1983-05-20
200001463,Layla Gilbert,F,1-818-4103,1942-05-24
200001464,Zachary Young,M,1-404-3504,2018-12-14
200001465,Jordan Carlson,M,1-744-9123,1939-10-04
200001466,Kinsley French,F,1-981-9509,1934-06-07
200001467,Jeffrey Baker,M,1-482-1328,1971-05-12
200001468,Lauren Palmer,F,1-896-3465,2014-07-25
200001469,Mackenzie Hicks,F,1-487-2693,1961-12-13
200001470,Wyatt Knight,M,1-784-2121,1938-10-17
200001471,Douglas Aguilar,M,1-367-6984,1949-04-07
200001472,Hunter Gordon,M,1-973-2747,1979-03-21
200001473,Bryan Carroll,M,1-483-7773,1996-12-27
200001474,Josephine Tran,F,1-461-1532,2023-07-25
200001475,Ivy Murphy,F,1-379-7152,2002-01-24
200001476,William Campbell,M,1-698-7052,1940-07-17
200001477,Peter Black,M,1-554-7889,1946-12-23
200001478,Ryder Carr,M,1-751-1437,1960-05-11
200001479,Josiah Munoz,M,1-730-8944,1976-01-13
200001480,Olivia Franklin,F,1-429-1487,1954-04-24
200001481,Emmett Powell,M,1-987-3651,2003-05-06
200001482,Austin Burns,M,1-776-6855,1993-12-03
200001483,James Evans,M,1-844-2242,1995-02-05
200001484,Kevin Le,M,1-566-1321,1990-08-14
200001485,Jocelyn Gonzales,F,1-534-3036,2000-09-16
200001486,Harrison Figueroa,M,1-882-1753,1937-01-05
200001487,Sophia Dixon,F,1-392-2110,2017-04-17
200001488,Gregory Morris,M,1-966-4169,1986-10-20
200001489,Brittany Lee,F,1-488-4356,1948-05-18
200001490,Kristin Hale,F,1-579-1348,1990-12-09
200001491,Micah O'Brien,M,1-447-2922,1943-03-10
200001492,Megan Parsons,F,1-361-7964,1948-06-02
200001493,Luna Shaw,F,1-751-2108,1953-12-24
200001494,Melissa Reyes,F,1-629-6594,2011-07-12
200001495,Bentley Stephens,M,1-421-9121,2009-12-17
200001496,Jack Ruiz,M,1-753-9689,1976-10-16
200001497,Deborah Graham,F,1-500-4557,1934-07-28
200001498,Sofia Harris,F,1-720-3834,1991-02-02
200001499,Brandon Snyder,M,1-385-4563,1988-07-20
200001500,Frank Fox,M,1-745-7986,2018-10-17
200001501,Laura Green,F,1-696-6065,1979-12-07
200001502,Roy Roberts,M,1-551-8067,1987-07-12
200001503,Alexander Chavez,M,1-338-4399,1999-10-01
200001504,Liam Brown,M,1-694-3730,1958-07-02
200001505,Catherine Bishop,F,1-403-8717,1954-06-18
200001506,Kylie Webb,F,1-866-7622,1963-04-08
200001507,John Wagner,M,1-902-2091,2022-06-16
200001508,Christian Garza,M,1-895-5737,1976-01-05
200001509,Victor Ramirez,M,1-325-5532,1939-08-09
200001510,Elijah Cole,M,1-645-3626,1955-12-04
200001511,Denise Dean,F,1-898-5832,1939-12-08
200001512,Blake Berry,M,1-675-2200,1946-10-19
200001513,Tara Allen,F,1-959-4704,1937-06-17
200001514,Nathan Holmes,M,1-632-4859,1999-11-08
200001515,Audrey Morales,F,1-415-4727,1965-12-26
200001516,Sheryl Stone,F,1-853-9620,1955-01-25
200001517,Louise Jacobs,F,1-608-7029,2015-08-21
200001518,Steven Cook,M,1-646-5995,1990-05-18
200001519,Nora Fisher,F,1-509-9576,2020-02-03
200001520,Timothy Castro,M,1-771-8781,1947-09-02
200001521,Joshua Hudson,M,1-621-9451,1996-09-16
200001522,Felix Vargas,M,1-668-1775,1960-11-10
200001523,Madeline Walker,F,1-864-9229,2014-12-09
200001524,Paisley Rios,F,1-726-2721,2014-08-09
200001525,Richard Payne,M,1-627-3853,2014-10-07
200001526,Isabelle Cox,F,1-474-4944,1984-07-02
200001527,Elliott Hanson,M,1-740-7483,1982-04-13
200001528,Katie Wallace,F,1-766-6295,1976-12-13
200001529,Dominic Romero,M,1-435-9793,2008-04-22
200001530,Diane Richards,F,1-402-3712,1977-10-01
200001531,Weston Lynch,M,1-811-1670,1979-06-06
200001532,Ruby West,F,1-309-7134,1992-11-06
200001533,Lily Woods,F,1-352-3127,1935-05-13
200001534,Tiffany McDonald,F,1-542-9626,1969-10-16
200001535,Hailey Kim,F,1-461-6599,1968-08-22
200001536,Laurie Hamilton,F,1-645-9011,1993-04-07
200001537,Kimberly Willis,F,1-437-9301,1966-10-25
200001538,Willow Valdez,F,1-906-4701,1986-02-14
200001539,Evelyn James,F,1-868-9210,1963-02-26
200001540,Theodore Santos,M,1-538-7119,1983-03-19
200001541,Cynthia Nelson,F,1-413-9540,2020-01-25
200001542,Maxwell Jenkins,M,1-478-7326,1969-01-28
200001543,Nolan Diaz,M,1-734-5439,1980-08-21
200001544,Thelma Andrews,F,1-837-2798,1960-07-05
200001545,Dana Freeman,F,1-857-6911,2001-10-17
200001546,Brooke Collins,F,1-820-9482,1983-12-09
200001547,Serenity Chambers,F,1-418-3671,1936-12-17
200001548,Jose Edwards,M,1-514-5914,1985-11-03
200001549,Courtney Alvarado,F,1-328-9604,1970-03-17
200001550,Mark Romero,M,1-525-1162,2018-06-21
200001551,Alicia Martinez,F,1-626-9681,2007-05-09
200001552,Jackson Duncan,M,1-540-3654,1971-05-27
200001553,Terry Butler,M,1-414-3068,2007-12-02
200001554,Bradley Bell,M,1-650-1322,1993-04-23
200001555,Matthew Ellis,M,1-615-7353,2004-02-19
200001556,Tucker Warren,M,1-476-4938,2011-03-23
200001557,Annie Price,F,1-598-5816,1990-09-22
200001558,Carter Matthews,M,1-379-2735,1966-10-04
200001559,Damian Hart,M,1-570-8023,2017-10-18
200001560,Andrea Sandoval,F,1-997-3639,1985-03-10
200001561,Leah Chapman,F,1-725-3247,1968-04-11
200001562,Landon Morrison,M,1-500-2980,2010-01-16
200001563,Oscar Newman,M,1-601-1291,2014-08-09
200001564,Ryan Salazar,M,1-804-5133,1943-11-18
200001565,Esther Simmons,F,1-751-4763,2010-05-05
200001566,Kyle Moore,M,1-661-8538,2011-02-04
200001567,Roger Ortiz,M,1-630-2768,2023-01-08
200001568,Ronald Walsh,M,1-992-7983,1948-02-01
200001569,Joseph Jackson,M,1-690-3184,1981-07-16
200001570,Christina Grant,F,1-648-2049,2010-01-26
200001571,Elizabeth Maldonado,F,1-354-5451,1993-08-12
200001572,Dean Gonzalez,M,1-466-6262,2020-12-05
200001573,Autumn Meyer,F,1-482-4677,1960-01-24
200001574,Vincent Marshall,M,1-998-7112,1966-07-09
200001575,Justin Howard,M,1-319-7203,1980-01-19
200001576,Vivian Morgan,F,1-472-8927,1946-05-22
200001577,Larry Long,M,1-823-4271,1972-02-08
200001578,Angela Hansen,F,1-392-7814,1980-09-23
200001579,Theo Bryant,M,1-493-5654,1979-01-16
200001580,Eli Perez,M,1-806-3999,1945-10-15
200001581,Christine Vasquez,F,1-592-3239,1991-12-15
200001582,Eleanor Pena,F,1-656-4053,2021-10-03
200001583,Addison Richardson,F,1-566-3370,2009-12-23
200001584,Ava Taylor,F,1-846-5026,1942-10-09
200001585,Donna Robertson,F,1-391-3675,1957-02-04
200001586,Jenna Brooks,F,1-912-2450,1990-03-23
200001587,Gerald Porter,M,1-581-9984,1951-12-10
200001588,Aaron Torres,M,1-537-4843,1952-06-22
200001589,Aurora Contreras,F,1-951-1542,2024-12-13
200001590,Gabriel Sutton,M,1-781-7623,2003-01-24
200001591,Cameron Singh,M,1-655-6874,1981-07-15
200001592,Kathryn Hill,F,1-845-6122,1938-04-12
200001593,Jamie Mills,F,1-796-1716,2007-05-21
200001594,Emily Silva,F,1-743-3015,1943-12-18
200001595,Jerry Lewis,M,1-764-7251,2017-02-10
200001596,Griffin Manning,M,1-691-7097,1942-10-28
200001597,Samuel Stewart,M,1-954-5679,2021-07-07
200001598,Mateo Harper,M,1-617-5713,1949-04-19
200001599,Jessica Smith,F,1-375-6542,1998-11-15
200001600,Eugene Mason,M,1-657-2846,2021-09-21
200001601,Lawrence Rivera,M,1-871-8555,1996-04-10
200001602,Dennis Martin,M,1-563-7139,1963-04-14
200001603,Joanne Spencer,F,1-888-9136,1986-10-17
200001604,Ryker Johnson,M,1-365-7746,2000-07-05
200001605,Connor Barnes,M,1-345-4002,1991-10-15
200001606,Edward Gomez,M,1-550-2001,2007-11-26
200001607,Madelyn Hughes,F,1-339-6898,1976-10-14
200001608,Chloe Tucker,F,1-869-3375,1996-01-17
200001609,Veronica Sullivan,F,1-608-2892,1982-05-20
200001610,Asher Reynolds,M,1-802-5154,1944-10-21
200001611,Daniel Wheeler,M,1-835-7921,1970-04-10
200001612,Brian Nguyen,M,1-415-4869,1966-06-20
200001613,Everett Nichols,M,1-597-2406,1998-10-06
200001614,Valentina Oliver,F,1-876-8774,1979-11-02
200001615,Grace Rice,F,1-951-2205,1965-04-07
200001616,Lincoln Hernandez,M,1-661-2303,1981-05-11
200001617,Barbara Cruz,F,1-936-6177,1994-05-12
200001618,Gary Griffin,M,1-867-8386,1977-02-19
200001619,Wayne Mendoza,M,1-593-7693,1934-08-21
200001620,Taylor Hernandes,F,1-322-6093,1941-03-03
200001621,Maria Mendez,F,1-683-5579,1987-03-12
200001622,Nicholas Rogers,M,1-739-9876,2024-08-12
200001623,Lydia Flores,F,1-915-1352,1987-06-11
200001624,Hudson Williamson,M,1-821-2651,1958-08-04
200001625,Dorothy Watkins,F,1-492-4349,2000-04-25
200001626,Gary Fernandez,M,1-888-7616,1959-04-07
200001627,Ann Thompson,F,1-608-9043,1958-11-25
200001628,Cindy Jones,F,1-641-6707,1943-02-22
200001629,Sharon George,F,1-482-2475,2013-07-07
200001630,Rose Ray,F,1-755-4633,2008-05-13
200001631,Frank Hunter,M,1-918-9468,2009-04-19
200001632,Everly Kelly,F,1-760-5754,1991-10-20
200001633,Landon Bradley,M,1-688-4124,1988-06-18
200001634,Carol Davis,F,1-745-9799,1972-04-27
200001635,Isabella Greene,F,1-877-7371,2019-08-23
200001636,Zachary Ferguson,M,1-758-6309,1937-01-22
200001637,Kaitlyn Hayes,F,1-365-8289,1951-09-25
200001638,Anita Scott,F,1-403-6893,1988-10-25
200001639,Roger Watson,M,1-459-1738,1938-07-17
200001640,Avery Washington,F,1-766-2730,2006-05-23
200001641,Roy Kennedy,M,1-408-2094,1948-06-22
200001642,Marilyn Cooper,F,1-418-7891,2021-09-19
200001643,William Gray,M,1-697-3892,2020-12-09
200001644,Margaret Johnston,F,1-635-9882,2022-09-07
200001645,Heather Robinson,F,1-970-3279,1972-10-11
200001646,Aaron Rodriguez,M,1-948-8889,2020-11-10
200001647,Hannah Vazquez,F,1-501-9235,2004-10-01
200001648,Joseph Anderson,M,1-692-3016,1963-05-13
200001649,Claire Phillips,F,1-385-5028,2008-10-02
200001650,Bethany Sanchez,F,1-369-2422,1958-04-14
200001651,Delilah Sims,F,1-583-2053,2013-09-27
200001652,Vanessa Wells,F,1-374-7878,1935-10-11
200001653,Patricia Gutierrez,F,1-573-9005,1945-01-19
200001654,Richard Olson,M,1-312-4886,1970-09-05
200001655,Grayson Vega,M,1-958-2288,1977-11-26
200001656,Charlotte Larson,F,1-940-9700,2005-12-20
200001657,Mark Miller,M,1-770-9547,2012-05-12
200001658,Greyson Peterson,M,1-735-9117,1940-11-01
200001659,Josiah Bailey,M,1-662-7435,2010-10-16
200001660,Peggy Zimmerman,F,1-529-2897,1984-05-10
200001661,Julia Schmidt,F,1-486-4317,2023-08-15
200001662,Hunter Lane,M,1-300-2390,2022-10-24
200001663,Shannon Perry,F,1-730-7462,1994-06-19
200001664,Scarlett Armstrong,F,1-570-3471,1999-09-08
200001665,Nicole Thomas,F,1-979-6617,1939-08-16
200001666,Brianna Guerrero,F,1-337-9778,1942-02-07
200001667,Sarah Carpenter,F,1-859-4505,2012-01-03
200001668,Lisa Myers,F,1-470-7973,2019-05-19
200001669,Lucas Wright,M,1-703-3444,1989-11-12
200001670,Willow Gardner,F,1-695-2301,1972-12-05
200001671,Marcus Wilson,M,1-932-4999,1984-09-22
200001672,Wanda Owens,F,1-866-8954,1957-02-12
200001673,Melanie Howell,F,1-934-2845,2007-05-02
200001674,Luna Perkins,F,1-893-1310,1995-04-09
200001675,Ann Guzman,F,1-479-3547,1993-11-02
200001676,Theo Pierce,M,1-465-6576,1951-11-27
200001677,Levi Henry,M,1-982-4659,1935-08-16
200001678,Michael Arnold,M,1-797-2698,2012-10-28
200001679,Terry Castillo,M,1-465-1331,1963-11-20
200001680,Brian Goodwin,M,1-539-9865,1946-01-13
200001681,Kaiden Sanders,M,1-452-3852,2000-04-10
200001682,Alan Weaver,M,1-883-8978,2023-03-23
200001683,Jeremy Lawson,M,1-892-2984,2001-09-25
200001684,Anna Carter,F,1-644-4579,1980-07-19
200001685,Phyllis Coleman,F,1-828-7308,1940-04-03
200001686,Gladys Peters,F,1-725-5754,1944-08-01
200001687,Andrew Lopez,M,1-470-9171,1956-09-18
200001688,Sean Chen,M,1-833-9318,1955-12-01
200001689,Grace White,F,1-565-7584,1937-10-15
200001690,Bailey Reed,F,1-314-5267,1993-09-18
200001691,Russell Hunt,M,1-391-9673,1960-01-28
200001692,Sawyer Wong,M,1-721-7306,1983-06-15
200001693,Maria Simpson,F,1-824-5073,1985-03-05
200001694,Kingston Espinoza,M,1-578-6419,1985-10-03
200001695,Jesse Dunn,M,1-325-6840,1938-04-08
200001696,Nicole Harvey,F,1-533-5348,1944-11-04
200001697,Leah Nunez,F,1-956-1140,2013-09-28
200001698,Debra Jordan,F,1-466-3246,1981-03-10
200001699,Adalynn Jensen,F,1-359-5867,1966-03-04
200001700,Peter Williams,M,1-830-3297,1977-11-01
200001701,Easton Dominguez,M,1-986-1454,1983-01-28
200001702,Alice Li,F,1-476-9713,1937-06-03
200001703,Danielle Foster,F,1-878-2627,1940-08-27
200001704,Lawrence Santiago,M,1-344-2942,2011-11-15
200001705,Ariana Hall,F,1-904-5588,2009-09-24
200001706,Beckett Ross,M,1-574-6039,1947-03-15
200001707,Whitney Herrera,F,1-779-1410,1977-08-09
200001708,Donald Reid,M,1-849-4986,2002-09-25
200001709,Jeffrey Wood,M,1-931-8596,1985-06-11
200001710,Courtney Parker,F,1-862-5655,1977-01-06
200001711,Emmett Hoffman,M,1-732-2456,2023-07-19
200001712,Benjamin Lawrence,M,1-708-1155,1939-12-15
200001713,Cynthia Bennett,F,1-474-6532,2017-11-17
200001714,Asher Boyd,M,1-598-7421,2011-01-03
200001715,Theresa Delgado,F,1-574-4514,1958-02-07
200001716,Tina Stevens,F,1-629-6117,1955-03-14
200001717,Douglas Elliott,M,1-379-7106,1969-12-08
200001718,Annie Ward,F,1-669-4434,1962-10-16
200001719,Lincoln Murray,M,1-763-6648,1955-02-08
200001720,Max Henderson,M,1-630-2590,1966-02-02
200001721,Angela Russell,F,1-424-8400,2009-07-26
200001722,Nora Harrison,F,1-821-3895,2021-01-27
200001723,Dominic Daniels,M,1-497-3775,2005-06-09
200001724,Ethan Clark,M,1-923-9633,1995-10-17
200001725,Christian King,M,1-424-2911,1986-01-08
200001726,Anthony Turner,M,1-449-9186,1974-10-19
200001727,Bryson Kelley,M,1-530-6535,1999-03-01
200001728,Madelyn Medina,F,1-408-4052,1941-11-13
200001729,Alice Montgomery,F,1-389-7878,1992-05-06
200001730,Cassie Ford,F,1-511-7677,2023-12-27
200001731,Philip Crawford,M,1-806-1791,1934-07-16
200001732,Avery Moreno,F,1-751-6910,2015-01-22
200001733,Scott Austin,M,1-583-2002,2020-11-26
200001734,Marilyn Estrada,F,1-731-3919,1962-07-17
200001735,Emma Ortega,F,1-920-7185,1952-10-20
200001736,Madeline Jimenez,F,1-645-4901,2020-06-26
200001737,Zoe Patterson,F,1-569-3999,2024-02-17
200001738,Rebecca Rose,F,1-607-2572,1945-10-13
200001739,Natalie Alvarez,F,1-704-5516,1944-03-18
200001740,Josephine Soto,F,1-865-9051,1999-04-19
200001741,Penelope Alexander,F,1-758-9181,1995-12-16
200001742,Harold Patel,M,1-709-1485,2022-10-26
200001743,Jose Garcia,M,1-393-8599,1944-04-27
200001744,Tiffany Hawkins,F,1-666-3650,2003-12-14
200001745,Hazel Ryan,F,1-396-4431,1941-06-26
200001746,Addison Cunningham,F,1-875-9119,2010-11-13
200001747,Cooper Riley,M,1-703-8198,1956-12-06
200001748,Alexa Mitchell,F,1-580-6410,1943-04-22
200001749,Sydney Adams,F,1-414-1991,2017-05-15
200001750,Jonathan Jacobs,M,1-602-9209,1999-06-03
200001751,Chelsea McCoy,F,1-775-3956,2014-06-11
200001752,Sophia Nunez,F,1-379-7504,1987-05-21
200001753,Mary Mills,F,1-479-9617,2017-08-16
200001754,Piper Chavez,F,1-617-3042,1947-10-22
200001755,Susan Porter,F,1-422-2348,1975-10-23
200001756,Jerry Chapman,M,1-352-2262,2016-07-20
200001757,Gail Medina,F,1-709-3289,1952-03-20
200001758,Bentley Gilbert,M,1-787-8286,1938-11-03
200001759,Damian Johnston,M,1-952-4735,1984-09-17
200001760,Jackson Riley,M,1-460-2653,1946-07-24
200001761,Hannah Cruz,F,1-522-7324,2000-12-25
200001762,Ryder Harris,M,1-868-1212,1968-04-07
200001763,Robert Martinez,M,1-490-9509,2022-02-06
200001764,Nathan Andrews,M,1-405-6253,2000-12-25
200001765,Donna Boyd,F,1-624-2584,1961-07-20
200001766,Edward Fisher,M,1-845-3594,1975-11-10
200001767,Elaine Spencer,F,1-816-7879,2007-07-12
200001768,Victoria Pierce,F,1-723-5784,2002-11-05
200001769,Ezekiel Marshall,M,1-679-4399,1978-06-05
200001770,Maddox Williamson,M,1-301-1354,1976-10-25
200001771,Reagan Rose,F,1-735-1992,1936-07-17
200001772,Mildred Torres,F,1-550-3459,1968-02-05
200001773,Nina Manning,F,1-826-6706,1987-02-19
200001774,Joyce Le,F,1-906-7692,1977-07-16
200001775,Brody Davis,M,1-732-8903,1967-04-24
200001776,Juan McDonald,M,1-756-4214,2022-01-27
200001777,Joanne Mendoza,F,1-445-8563,1990-12-01
200001778,Patrick Moore,M,1-579-9458,1952-10-15
200001779,Elliott James,M,1-377-1462,1999-10-21
200001780,Diana Lawrence,F,1-903-7414,1965-11-06
200001781,Dorothy Hawkins,F,1-900-1863,2020-09-23
200001782,Nicholas Lopez,M,1-884-1502,1951-02-15
200001783,Martha West,F,1-508-1694,1981-02-09
200001784,Ryan Cole,M,1-761-2174,1970-02-05
200001785,Esther Simmons,F,1-684-8986,1975-07-12
200001786,Bethany Bell,F,1-475-1553,1991-02-25
200001787,Eli Jones,M,1-437-6648,1975-10-19
200001788,Kelsey Wilson,F,1-864-3928,1998-04-27
200001789,Christopher Evans,M,1-378-9751,2006-03-14
200001790,Spencer Vasquez,M,1-436-4318,1990-12-24
200001791,Jaxon Romero,M,1-487-5422,1943-11-05
200001792,Hugo Richards,M,1-795-3637,1953-09-06
200001793,Monica Black,F,1-700-7420,1993-01-06
200001794,Kevin Webb,M,1-382-4008,1955-06-28
200001795,Lucy Jacobs,F,1-626-1715,2000-08-15
200001796,Abigail Butler,F,1-443-5997,1935-04-16
200001797,Christine Schmidt,F,1-860-8183,1975-08-01
200001798,Gabriel Collins,M,1-588-4848,1946-11-01
200001799,Milo Holmes,M,1-681-9838,2010-11-06
200001800,Sarah Valdez,F,1-396-8006,1978-11-03
200001801,Cole Ward,M,1-797-8959,2024-01-24
200001802,Griffin Gomez,M,1-851-2903,1983-07-27
200001803,Mackenzie Rios,F,1-745-8087,2007-03-20
200001804,Delilah Ramos,F,1-854-4941,1981-12-28
200001805,Tyler Ross,M,1-813-6659,1959-04-02
200001806,Bernice Hanson,F,1-552-7550,2009-06-01
200001807,Peggy Palmer,F,1-697-7367,1947-07-24
200001808,Ella Murray,F,1-961-3060,1960-12-20
200001809,Aria George,F,1-833-6869,1990-05-12
200001810,Felix Austin,M,1-978-1960,1950-02-17
200001811,Ryker Perkins,M,1-553-2974,1943-05-01
200001812,Ian Hicks,M,1-370-8076,1992-03-16
200001813,Jacob Sanchez,M,1-473-6704,1946-04-18
200001814,Nolan Sutton,M,1-871-4081,2014-10-07
200001815,Sebastian Lynch,M,1-583-1896,1977-07-11
200001816,Carolyn Aguilar,F,1-760-8424,1967-10-07
200001817,Colton Munoz,M,1-944-6872,1934-08-17
200001818,Oliver Singh,M,1-325-2041,1996-01-26
200001819,Ralph Freeman,M,1-436-2613,1972-12-20
200001820,Bryan Ray,M,1-962-5595,2003-12-07
200001821,Connor Lawson,M,1-469-7481,1960-08-20
200001822,Justin Bailey,M,1-420-6670,2010-09-26
200001823,Noah Hamilton,M,1-315-9919,1957-09-13
200001824,Skylar O'Brien,F,1-428-8051,1981-06-04
200001825,Charlotte Gutierrez,F,1-967-5703,2014-07-14
200001826,Diane Morgan,F,1-979-8058,2017-02-27
200001827,Jonah Dunn,M,1-559-2044,1951-05-04
200001828,Kenneth Bradley,M,1-523-8770,1960-05-27
200001829,Oliver Watkins,M,1-956-1177,1975-06-19
200001830,Jill Vazquez,F,1-723-8748,2023-12-02
200001831,Logan Ortiz,M,1-925-2935,1945-05-12
200001832,Willie Ruiz,M,1-595-3931,1991-03-24
200001833,Wesley Graham,M,1-831-2455,2008-02-27
200001834,Eric Adams,M,1-899-1922,2012-03-25
200001835,Brittney Gonzales,F,1-813-8091,1953-03-01
200001836,Kristen Hunt,F,1-876-8602,1951-07-03
200001837,Juanita Pena,F,1-930-5872,1955-08-28
200001838,Arthur Bishop,M,1-372-6908,1945-04-07
200001839,Cindy White,F,1-717-9201,1962-11-17
200001840,Michelle Nichols,F,1-787-9281,2021-07-14
200001841,Louis Bryant,M,1-978-5078,1987-06-09
200001842,Brayden Taylor,M,1-377-6452,1964-05-17
200001843,Vincent Reyes,M,1-998-9238,1936-11-21
200001844,Steven Warren,M,1-788-8257,1962-03-07
200001845,Janice Nelson,F,1-488-2648,1977-02-25
200001846,Evelyn Jimenez,F,1-707-5126,1993-02-21
200001847,Stephen Griffin,M,1-839-2257,1974-04-02
200001848,Billy Rivera,M,1-730-7146,1971-03-13
200001849,Melissa Berry,F,1-499-9281,1997-10-16
200001850,Brenda Perry,F,1-731-6520,1955-01-06
200001851,Jayden Willis,M,1-572-1449,1962-06-21
200001852,Daniel Peters,M,1-930-3721,1971-04-03
200001853,Jude Williams,M,1-373-2207,1975-12-02
200001854,Wendy Armstrong,F,1-658-5358,1990-05-13
200001855,Gerald Wells,M,1-825-5743,1936-03-19
200001856,Joshua Mendez,M,1-409-8199,1947-12-10
200001857,Kaitlyn Allen,F,1-960-5777,2002-05-07
200001858,Austin Miller,M,1-649-6355,1958-02-27
200001859,Maxwell Cook,M,1-563-5267,1937-02-11
200001860,Claire Walker,F,1-786-3335,1935-04-19
200001861,Wesley Soto,M,1-697-5488,1955-03-26
200001862,Gertrude Herrera,F,1-809-2099,1953-08-17
200001863,Johnny Richardson,M,1-851-6055,1973-09-22
200001864,Sheryl Maldonado,F,1-441-8310,1957-02-06
200001865,Evan Oliver,M,1-622-9401,1961-09-19
200001866,Layla Cox,F,1-390-4128,1946-03-13
200001867,Edna Stewart,F,1-496-8783,1988-06-08
200001868,Kaden Espinoza,M,1-978-9126,1938-12-02
200001869,Morgan Kim,F,1-419-2094,1999-03-06
200001870,Julie Sims,F,1-804-5074,1950-01-25
200001871,Pauline Stephens,F,1-481-8852,1957-04-09
200001872,Olivia Peterson,F,1-757-8956,1976-08-04
200001873,River Jackson,M,1-579-1231,1937-02-06
200001874,Irene Harvey,F,1-755-2954,2003-09-21
200001875,George Crawford,M,1-348-2285,1937-06-14
200001876,Judith Edwards,F,1-938-6491,2023-06-03
200001877,Katie Zimmerman,F,1-481-9538,1941-07-16
200001878,Alexandra Bennett,F,1-882-2436,1977-01-02
200001879,Bonnie Carpenter,F,1-927-6762,2000-03-13
200001880,Dawn Stone,F,1-418-5490,2019-04-23
200001881,Gregory Baker,M,1-322-9149,2020-06-01
200001882,Miles Sullivan,M,1-789-5805,2017-02-13
200001883,Crystal Hart,F,1-536-8867,1976-07-04
200001884,Barbara Cooper,F,1-799-5266,1941-05-26
200001885,Tammy Burns,F,1-613-1413,1964-07-10
200001886,Laura Lane,F,1-568-4140,1991-02-12
200001887,Judy Dixon,F,1-825-3876,2002-04-01
200001888,Rose Henry,F,1-718-3143,1973-10-18
200001889,Andrea Castro,F,1-890-7884,1967-07-06
200001890,Helen Mason,F,1-930-9282,2019-06-22
200001891,Emilia Ryan,F,1-831-7952,1995-12-23
200001892,Charles Clark,M,1-959-2623,1999-09-09
200001893,Audrey Reed,F,1-481-5745,2014-12-14
200001894,Margaret Meyer,F,1-861-8058,1940-12-15
200001895,Jade Parker,F,1-628-1085,1953-01-21
200001896,Kayla Greene,F,1-710-3235,1967-12-05
200001897,Stacy Scott,F,1-536-5546,1936-12-27
200001898,Tristan Weaver,M,1-938-6017,1937-04-28
200001899,Elena Ford,F,1-899-9892,2002-03-22
200001900,Geraldine Russell,F,1-863-5823,1935-03-25
200001901,Walter Foster,M,1-457-5745,2011-11-16
200001902,Aiden Daniels,M,1-558-1998,2004-04-22
200001903,Maverick Barnes,M,1-882-3452,1959-09-25
200001904,Laurie Vargas,F,1-461-8348,1966-10-23
200001905,Alexander Romero,M,1-593-4183,1957-07-18
200001906,Karen Myers,F,1-514-6720,1958-07-02
200001907,Chase Smith,M,1-550-9872,1988-06-04
200001908,Erica Flores,F,1-351-4262,2004-12-09
200001909,Eleanor Salazar,F,1-413-5877,1949-01-08
200001910,Samuel Patel,M,1-702-2570,1979-08-09
200001911,Heather Alvarado,F,1-605-7627,2023-07-10
200001912,Molly Anderson,F,1-801-8413,2008-03-12
200001913,Dylan Carlson,M,1-638-8637,1957-04-06
200001914,Jennifer Payne,F,1-721-2090,1974-08-13
200001915,Brittany Watson,F,1-976-3578,2021-08-22
200001916,Leilani Martin,F,1-996-9446,1953-11-07
200001917,Doreen Harrison,F,1-533-5818,2015-11-18
200001918,Rosa Silva,F,1-459-1924,1963-10-10
200001919,Ruby Rogers,F,1-650-7639,2011-03-15
200001920,Arianna Murphy,F,1-557-6269,1962-08-27
200001921,Timothy Rodriguez,M,1-713-3817,1996-07-08
200001922,Ashton Howell,M,1-592-8285,1971-07-08
200001923,Jasper Long,M,1-657-5162,1996-04-08
200001924,Frances Cunningham,F,1-622-1169,1975-08-11
200001925,Parker Gonzalez,M,1-959-4277,1950-02-22
200001926,Ashley Roberts,F,1-562-8094,1953-03-07
200001927,Thomas McCoy,M,1-857-6276,1994-05-18
200001928,Louise Contreras,F,1-926-1761,1964-01-28
200001929,Pamela Gardner,F,1-770-6865,1970-01-06
200001930,Sandra Shaw,F,1-778-3963,1951-06-03
200001931,Carson Montgomery,M,1-763-2142,1978-05-08
200001932,Kyle Hale,M,1-511-5048,2010-09-14
200001933,Owen Hernandes,M,1-693-2434,1943-05-15
200001934,Roman Thompson,M,1-932-2220,2001-06-28
200001935,Ruby Chambers,F,1-861-9583,2002-08-12
200001936,Lynn Campbell,F,1-759-5009,1985-05-02
200001937,Emery Robertson,F,1-492-2324,1944-03-16
200001938,Gavin Garza,M,1-947-2161,1950-08-24
200001939,Connie King,F,1-739-6796,2009-10-24
200001940,Erin Johnson,F,1-318-9458,1991-01-02
200001941,Jason Reid,M,1-377-2033,2006-06-19
200001942,Luke Larson,M,1-477-6226,1942-02-21
200001943,Allison Thomas,F,1-516-7020,1959-08-18
200001944,Alyssa Estrada,F,1-438-9316,2019-06-26
200001945,Joe Morrison,M,1-651-8427,1962-11-27
200001946,Christina Owens,F,1-668-2130,2004-06-04
200001947,Teresa Jordan,F,1-479-4006,1940-10-15
200001948,Eva Guzman,F,1-545-9781,2000-04-27
200001949,Lincoln Jenkins,M,1-964-5433,1998-07-15
200001950,Naomi Wong,F,1-728-1930,2015-02-03
200001951,Liam Gray,M,1-331-4030,1970-11-01
200001952,Chloe Elliott,F,1-697-2196,1961-01-19
200001953,Mateo Arnold,M,1-916-4441,2019-01-25
200001954,Brianna Alexander,F,1-654-1436,1942-05-07
200001955,Isaac Robinson,M,1-360-7499,2024-05-09
200001956,Stephanie Castillo,F,1-998-3312,1946-04-02
200001957,Cameron Tran,M,1-419-4583,1961-03-04
200001958,Rhonda Carr,F,1-938-7844,1973-06-10
200001959,Ellen Ortega,F,1-758-4476,1954-09-23
200001960,Jack Woods,M,1-918-9507,2022-07-23
200001961,Axel Garcia,M,1-679-1182,1998-08-15
200001962,Eugene Wagner,M,1-524-2162,1988-08-13
200001963,Calvin Mitchell,M,1-633-5985,2016-04-21
200001964,Nancy Knight,F,1-385-5500,1937-09-11
200001965,Blake Goodwin,M,1-535-5399,1989-06-25
200001966,Jasmine Hansen,F,1-372-7032,2017-01-25
200001967,Ezra Tucker,M,1-842-1612,1995-11-27
200001968,Carl Brown,M,1-821-2301,1997-01-01
200001969,Jordan Carroll,M,1-339-5387,1961-02-06
200001970,Veronica Jacobs,F,1-910-9965,2008-05-09
200001971,Lauren Fernandez,F,1-672-8410,2008-03-02
200001972,Elijah Hoffman,M,1-638-7975,2000-07-13
200001973,Ruth Snyder,F,1-692-1383,1955-07-07
200001974,Kristin Jensen,F,1-375-6090,1952-06-03
200001975,Cheryl Guerrero,F,1-310-3500,1996-06-26
200001976,Bella Grant,F,1-754-1672,1986-05-06
200001977,Virginia Wright,F,1-641-7759,1994-03-02
200001978,Theodore Patterson,M,1-436-1782,2008-08-04
200001979,Randy Perez,M,1-351-5718,2017-07-01
200001980,Harrison Brooks,M,1-926-5066,2019-02-25
200001981,Aurora Hall,F,1-773-6954,1995-03-19
200001982,Jocelyn Turner,F,1-802-3430,1980-02-09
200001983,Deborah Hernandez,F,1-485-4030,1971-08-27
200001984,Lily Hunter,F,1-486-7021,1952-05-28
200001985,Jenna Kelley,F,1-332-6671,1943-05-27
200001986,Faith Ellis,F,1-710-7460,1989-02-06
200001987,Isabelle Green,F,1-655-8012,2003-04-08
200001988,Wayne Lewis,M,1-352-4106,1970-01-06
200001989,Wyatt Ferguson,M,1-708-3773,1954-11-19
200001990,Preston Ramirez,M,1-313-5412,2012-10-18
200001991,Weston Hudson,M,1-392-9346,1940-09-12
200001992,James Diaz,M,1-677-2031,2010-07-25
200001993,Ronald Wood,M,1-300-4141,1967-12-17
200001994,Sofia Coleman,F,1-734-8839,1940-02-03
200001995,Amanda Phillips,F,1-723-4554,1972-12-27
200001996,Peyton Fox,F,1-701-9729,2006-08-11
200001997,Keith Sandoval,M,1-614-9929,1984-12-15
200001998,Bruce Delgado,M,1-955-9929,2005-06-07
200001999,Natalia Dominguez,F,1-529-3436,1999-06-04
